"Name","Category","Sector"
"3D Design","","Healthcare"
"3D Imaging","","Defense"
"3D Imaging","","Transportation"
"3D Integration","","Manufacturing & Devices"
"3D TV","","Entertainment"
"4G","","Communications"
"802 Standards","","Computing & Information Technology"
"AC","","Energy"
"Accelerated Testing","","Defense"
"Acceptance Testing","","Defense"
"Acceptance Testing","","Energy"
"Acceptance Testing","","Manufacturing & Devices"
"Access","","Healthcare"
"Accreditation","","Education"
"Acoustic Communications","","Defense"
"Acoustics","","Defense"
"Active Vibration Control","","Defense"
"Adaptive Antenna Arrays","","Communications"
"Adaptive Distribution","","Energy"
"ADSL","","Communications"
"Affordability","","Healthcare"
"Agency Cooperation","","Healthcare"
"Aging Workforce","","Energy"
"Air","","Healthcare"
"Airborne Observation","","Environment"
"Airborne Radar","","Defense"
"Algorithm","","Computing & Information Technology"
"Algorithm","","Energy"
"All Weather Operation","","Defense"
"Alternate Fuel","","Transportation"
"Alternate Propulsion","","Transportation"
"Alternative","","Energy"
"Analysis","","Energy"
"Analysis","","Environment"
"Analytics","","Critical Infrastructure"
"Animation","","Entertainment"
"Antennas","","Communications"
"Antennas","","Defense"
"Antennas","","Transportation"
"Anti-Jam","","Communications"
"Anticipating The Enemy","","Defense"
"Applications","","Energy"
"Archiving Junk","","Computing & Information Technology"
"Arms Safing","","Defense"
"Artificial Intelligence","","Computing & Information Technology"
"Artificial Intelligence","","Defense"
"Artificial Intelligence","","Education"
"Artificial Intelligence","","Entertainment"
"Artificial Intelligence","","Healthcare"
"Artificial Limbs","","Healthcare"
"Artificial Organs","","Healthcare"
"Assessment","","Healthcare"
"Asset","","Energy"
"ATC Radar","","Defense"
"Audio","","Entertainment"
"Automation","","Energy"
"Automation","","Manufacturing & Devices"
"Automotive","","Communications"
"Autonomic Systems","","Communications"
"Autonomous","","Defense"
"Autonomous Action","","Defense"
"Autonomous Self-Aware Machines","","Computing & Information Technology"
"Autonomous Vehicles","","Transportation"
"AUV","","Defense"
"Availability","","Agriculture"
"Availability","","Communications"
"Availability","","Computing & Information Technology"
"Availability","","Critical Infrastructure"
"Availability","","Defense"
"Availability","","Entertainment"
"Availability","","Financial Services"
"Availability","","Healthcare"
"Availability","","Manufacturing & Devices"
"Availability","","Transportation"
"Avatar","","Entertainment"
"Bandwidth Maximization","","Communications"
"Banking","","Financial Services"
"Baseband","","Communications"
"Batteries","","Critical Infrastructure"
"Batteries","","Defense"
"Batteries","","Energy"
"Batteries","","Manufacturing & Devices"
"Bioclinical Monitoring","","Healthcare"
"Biodiesel Conversion","","Energy"
"Bioengineering","","Healthcare"
"Biohazards","","Environment"
"Bioinformatics","","Computing & Information Technology"
"Biological Impact","","Environment"
"Biological Sciences","","Environment"
"Biomedical Signals","","Healthcare"
"Biomems","","Healthcare"
"Biometrics","","Computing & Information Technology"
"Biometrics","","Defense"
"Biometrics","","Healthcare"
"Bioremediation","","Environment"
"Biotechnology","","Healthcare"
"Blackout","","Energy"
"Body As A Network","","Healthcare"
"Bottom Types","","Environment"
"Bridge Monitoring","","Critical Infrastructure"
"Broadband","","Communications"
"Bubble Clouds","","Environment"
"Built-In Test","","Defense"
"Built-In Test","","Energy"
"Burst Illumination","","Defense"
"Business","","Agriculture"
"Business","","Communications"
"Business","","Computing & Information Technology"
"Business","","Critical Infrastructure"
"Business","","Defense"
"Business","","Education"
"Business","","Energy"
"Business","","Entertainment"
"Business","","Environment"
"Business","","Financial Services"
"Business","","Healthcare"
"Business","","Manufacturing & Devices"
"Business","","Retail"
"Business","","Transportation"
"Business Process","","Computing & Information Technology"
"C3I","","Critical Infrastructure"
"C3I","","Defense"
"Cable","","Energy"
"Cable TV","","Entertainment"
"Capacity Building","","Critical Infrastructure"
"Capacity Planning","","Energy"
"Capital Hedge Risk","","Energy"
"Car-To-Car","","Communications"
"Carbon Assessment","","Environment"
"Carbon-Free","","Energy"
"Casual Games","","Entertainment"
"Certification","","Computing & Information Technology"
"Certification","","Education"
"Chemical","","Energy"
"Chemical","","Manufacturing & Devices"
"Chip/Package Co-Design","","Communications"
"Chip/Package Co-Design","","Critical Infrastructure"
"Chip/Package Co-Design","","Defense"
"Chip/Package Co-Design","","Entertainment"
"Chip/Package Co-Design","","Healthcare"
"Circuit","","Energy"
"Circuit","","Manufacturing & Devices"
"Circuit Analysis","","Communications"
"Circuit Analysis","","Computing & Information Technology"
"Circuit Analysis","","Critical Infrastructure"
"Circuit Analysis","","Defense"
"Circuit Analysis","","Manufacturing & Devices"
"Circuit Optimization","","Communications"
"Class","","Computing & Information Technology"
"Class Diagram","","Computing & Information Technology"
"Climate","","Environment"
"Climate Change","","Environment"
"Cloud Computing","","Computing & Information Technology"
"CMOS","","Computing & Information Technology"
"Coal Burning","","Environment"
"Coding And Marketing Technology (Optical & RFID)","","Retail"
"Cognitive","","Defense"
"Cognitive Radio","","Communications"
"Cognitive Radio","","Education"
"Collaborative Systems","","Computing & Information Technology"
"Collision Avoidance","","Transportation"
"Collocation","","Communications"
"Collocation","","Defense"
"Combat Casualty Care","","Defense"
"Command Control Communication Intelligence","","Defense"
"Commercial","","Energy"
"Commissioning","","Energy"
"Communication","","Critical Infrastructure"
"Communication","","Defense"
"Communication","","Education"
"Communication","","Energy"
"Communication Networks","","Critical Infrastructure"
"Communication Networks","","Education"
"Communication Networks","","Manufacturing & Devices"
"Compatibility","","Computing & Information Technology"
"Compatibility","","Energy"
"Compilers","","Computing & Information Technology"
"Complexity Reduction And Abstraction","","Computing & Information Technology"
"Components","","Energy"
"Comprehensive Approach","","Education"
"Computational","","Energy"
"Computational Biology","","Computing & Information Technology"
"Computational Intelligence","","Computing & Information Technology"
"Computational Science (Physics/Chemistry)","","Computing & Information Technology"
"Computed Radiography","","Healthcare"
"Computer Architecture","","Computing & Information Technology"
"Computer Assisted Medical Decision Making","","Healthcare"
"Computer Gaming","","Computing & Information Technology"
"Computer Graphics","","Computing & Information Technology"
"Computer Networking","","Computing & Information Technology"
"Computer Vision","","Computing & Information Technology"
"Computer Weapons","","Defense"
"Computing Curricula","","Education"
"Condition Assessment","","Energy"
"Condition Based Maintenance","","Defense"
"Condition Based Maintenance","","Manufacturing & Devices"
"Condition Based Maintenance","","Transportation"
"Conductors","","Energy"
"Congestion","","Energy"
"Congestion Management","","Transportation"
"Connector","","Energy"
"Connexions","","Education"
"CONOPS","","Defense"
"Conservation","","Energy"
"Construction","","Energy"
"Consumer","","Entertainment"
"Consumer","","Financial Services"
"Consumer Products","","Manufacturing & Devices"
"Contamination Control","","Manufacturing & Devices"
"Content Delivery","","Entertainment"
"Continuing","","Education"
"Continuous Manufacturing","","Manufacturing & Devices"
"Continuous Process Control","","Manufacturing & Devices"
"Control And Optimization Algorithm","","Manufacturing & Devices"
"Control Systems","","Energy"
"Controls","","Energy"
"Conversion","","Energy"
"Corrosion","","Transportation"
"Cosmic Events","","Environment"
"Counterfeiting","","Retail"
"Countermeasures","","Defense"
"Credit","","Financial Services"
"Ctd","","Environment"
"Cultural Aspects Of Health","","Healthcare"
"Culture","","Manufacturing & Devices"
"Current","","Energy"
"Customer Expectations","","Manufacturing & Devices"
"Cutting","","Manufacturing & Devices"
"Cyberattack","","Environment"
"Cybernetics","","Computing & Information Technology"
"Cybersecurity","","Defense"
"Cycle Time","","Manufacturing & Devices"
"Cylclic Codes","","Computing & Information Technology"
"Data","","Energy"
"Data Analysis","","Critical Infrastructure"
"Data Centers","","Computing & Information Technology"
"Data Engineering","","Computing & Information Technology"
"Data Logging","","Critical Infrastructure"
"Data Mining","","Computing & Information Technology"
"Data Mining","","Environment"
"Data Mining","","Healthcare"
"Data Mining","","Retail"
"Data Privacy","","Healthcare"
"Data Security","","Healthcare"
"Data Storage","","Computing & Information Technology"
"Data Structures","","Computing & Information Technology"
"Data Visualization","","Critical Infrastructure"
"Databases","","Computing & Information Technology"
"Datacomms","","Computing & Information Technology"
"Dataflow","","Computing & Information Technology"
"DC","","Energy"
"DCSs","","Manufacturing & Devices"
"Dealing With Real World","","Education"
"Decision Making","","Agriculture"
"Decision Making","","Communications"
"Decision Making","","Computing & Information Technology"
"Decision Making","","Critical Infrastructure"
"Decision Making","","Defense"
"Decision Making","","Education"
"Decision Making","","Energy"
"Decision Making","","Entertainment"
"Decision Making","","Environment"
"Decision Making","","Financial Services"
"Decision Making","","Healthcare"
"Decision Making","","Manufacturing & Devices"
"Decision Making","","Retail"
"Decision Making","","Transportation"
"Decision Support","","Defense"
"Decision Support","","Healthcare"
"Defects","","Manufacturing & Devices"
"Defensive Weaponry","","Defense"
"Defining Purpose","","Manufacturing & Devices"
"Definition","","Critical Infrastructure"
"Degradation","","Computing & Information Technology"
"Degradation","","Defense"
"Degradation","","Energy"
"Delivery","","Transportation"
"Delivery Cost","","Entertainment"
"Delivery Mechanisms","","Defense"
"Delivery Modes","","Entertainment"
"Demand","","Energy"
"Demand Projection","","Transportation"
"Demand-Side","","Energy"
"Dependability","","Agriculture"
"Dependability","","Communications"
"Dependability","","Computing & Information Technology"
"Dependability","","Defense"
"Dependability","","Entertainment"
"Dependability","","Financial Services"
"Dependability","","Healthcare"
"Dependability","","Transportation"
"Dependable Computing","","Computing & Information Technology"
"Derating Factors","","Defense"
"Design","","Agriculture"
"Design","","Critical Infrastructure"
"Design","","Defense"
"Design","","Education"
"Design","","Energy"
"Design","","Entertainment"
"Design","","Environment"
"Design","","Financial Services"
"Design","","Healthcare"
"Design","","Manufacturing & Devices"
"Design","","Retail"
"Design","","Transportation"
"Design Automation","","Agriculture"
"Design Automation","","Communications"
"Design Automation","","Computing & Information Technology"
"Design Automation","","Critical Infrastructure"
"Design Automation","","Defense"
"Design Automation","","Education"
"Design Automation","","Energy"
"Design Automation","","Entertainment"
"Design Automation","","Environment"
"Design Automation","","Financial Services"
"Design Automation","","Healthcare"
"Design Automation","","Manufacturing & Devices"
"Design Automation","","Retail"
"Design Automation","","Transportation"
"Design For Manufacture","","Agriculture"
"Design For Manufacture","","Computing & Information Technology"
"Design For Manufacture","","Critical Infrastructure"
"Design For Manufacture","","Defense"
"Design For Manufacture","","Education"
"Design For Manufacture","","Energy"
"Design For Manufacture","","Entertainment"
"Design For Manufacture","","Environment"
"Design For Manufacture","","Financial Services"
"Design For Manufacture","","Healthcare"
"Design For Manufacture","","Manufacturing & Devices"
"Design For Manufacture","","Retail"
"Design For Manufacture","","Transportation"
"Design Of Experiments (DOE)","","Defense"
"Design Productivity","","Agriculture"
"Design Productivity","","Computing & Information Technology"
"Design Specification","","Communications"
"Design Specification","","Computing & Information Technology"
"Design Specification","","Critical Infrastructure"
"Design Specification","","Defense"
"Design Specification","","Manufacturing & Devices"
"Design Verification","","Agriculture"
"Design Verification","","Communications"
"Design Verification","","Computing & Information Technology"
"Design Verification","","Critical Infrastructure"
"Design Verification","","Defense"
"Design Verification","","Education"
"Design Verification","","Energy"
"Design Verification","","Entertainment"
"Design Verification","","Environment"
"Design Verification","","Financial Services"
"Design Verification","","Healthcare"
"Design Verification","","Manufacturing & Devices"
"Design Verification","","Retail"
"Design Verification","","Transportation"
"Detection Systems","","Critical Infrastructure"
"Detection Systems","","Transportation"
"Deterioration","","Defense"
"Development Cost","","Entertainment"
"Devices","","Energy"
"Devices","","Manufacturing & Devices"
"Diagnosis","","Healthcare"
"Diagnostic Tools","","Healthcare"
"Diagnostic Tools","","Manufacturing & Devices"
"Diagnostics","","Defense"
"Dielectrics","","Energy"
"Digital Books","","Entertainment"
"Digital Cinema","","Entertainment"
"Digital Home","","Entertainment"
"Digital Libraries","","Computing & Information Technology"
"Digital Libraries","","Education"
"Digital Radio","","Entertainment"
"Digital TV","","Entertainment"
"Disaster Planning","","Environment"
"Disaster Prediction","","Critical Infrastructure"
"Disaster Response","","Critical Infrastructure"
"Discrete Manufacturing","","Manufacturing & Devices"
"Discrete-Event And Sequence Control","","Manufacturing & Devices"
"Disk Laser","","Manufacturing & Devices"
"Displays","","Manufacturing & Devices"
"Distributed Generation","","Defense"
"Distributed Generation","","Energy"
"Distributed Generation","","Environment"
"Distributed Monitoring Systems","","Healthcare"
"Distributed Networking","","Communications"
"Distributed Power","","Defense"
"Distributed Power","","Environment"
"Distributed Sensor Networks","","Critical Infrastructure"
"Distributed Sensor Networks","","Manufacturing & Devices"
"Distributed Sensor Networks","","Transportation"
"Distributed Systems","","Computing & Information Technology"
"Distribution","","Energy"
"DNA Sequencing","","Healthcare"
"Domain Engineering","","Computing & Information Technology"
"Drive Systems","","Agriculture"
"Drive Systems","","Defense"
"Drive Systems","","Manufacturing & Devices"
"Drug Delivery","","Healthcare"
"Drug Design","","Healthcare"
"DTV Transition","","Entertainment"
"Dynamic","","Energy"
"E-Commerce","","Computing & Information Technology"
"E-Learning","","Computing & Information Technology"
"E3","","Defense"
"ECCM","","Communications"
"Ecoinformatics","","Environment"
"Economics","","Energy"
"Education","","Computing & Information Technology"
"Education","","Energy"
"Effcient Displays","","Environment"
"Efficiency","","Energy"
"Efficiency","","Transportation"
"Efficient And Effective Search","","Computing & Information Technology"
"Electric","","Energy"
"Electric Ship","","Defense"
"Electric Traction","","Defense"
"Electric Traction","","Environment"
"Electric Traction","","Transportation"
"Electrical Overstress","","Energy"
"Electro-Mechanical","","Energy"
"Electromagnetic Compatibility","","Defense"
"Electromagnetic Environmental Effects","","Defense"
"Electromagnetic Imaging","","Healthcare"
"Electromagnetic Interference","","Communications"
"Electromagnetic Interference","","Defense"
"Electromagnetic Packaging","","Communications"
"Electromagnetic Packaging","","Defense"
"Electromagnetic Pulse","","Defense"
"Electromagnetic Survivability","","Defense"
"Electronic","","Energy"
"Electronic Burnout","","Defense"
"Electronic Medical Records","","Healthcare"
"Electronic Medical Records Standards","","Healthcare"
"Electronic Packaging","","Computing & Information Technology"
"Electronic Packaging","","Entertainment"
"Electronic Packaging","","Healthcare"
"Electronic Protect","","Communications"
"Electronics Reliability In The Body","","Healthcare"
"Embedded Computing","","Computing & Information Technology"
"Embedded Intelligence","","Manufacturing & Devices"
"Embedded Power","","Computing & Information Technology"
"Embedded Power","","Defense"
"Embedded Systems","","Agriculture"
"Embedded Systems","","Computing & Information Technology"
"Embedded Systems","","Critical Infrastructure"
"Embedded Systems","","Defense"
"Embedded Systems","","Education"
"Embedded Systems","","Energy"
"Embedded Systems","","Entertainment"
"Embedded Systems","","Environment"
"Embedded Systems","","Financial Services"
"Embedded Systems","","Healthcare"
"Embedded Systems","","Manufacturing & Devices"
"Embedded Systems","","Retail"
"Embedded Systems","","Transportation"
"Emc","","Defense"
"Emc","","Energy"
"Emergency Preparedness","","Critical Infrastructure"
"Emergency Response","","Healthcare"
"Emergency Traffic Administration","","Transportation"
"EMI Control","","Defense"
"Emission Control (EMCON)","","Defense"
"Emissions","","Defense"
"Emissions","","Energy"
"Emissions","","Entertainment"
"Emissions","","Transportation"
"EMV","","Defense"
"End-To-End QoS","","Communications"
"Endurance","","Agriculture"
"Endurance","","Communications"
"Endurance","","Computing & Information Technology"
"Endurance","","Defense"
"Endurance","","Energy"
"Endurance","","Transportation"
"Energy","","Critical Infrastructure"
"Energy Aware Design","","Environment"
"Energy Efficiency Solutions","","Critical Infrastructure"
"Energy Efficiency Solutions","","Environment"
"Energy Efficiency Solutions","","Manufacturing & Devices"
"Energy Efficiency Solutions","","Retail"
"Energy Harvesting","","Communications"
"Energy Harvesting","","Critical Infrastructure"
"Energy Harvesting","","Defense"
"Energy Harvesting","","Energy"
"Energy Harvesting","","Healthcare"
"Energy Savings","","Energy"
"Energy Storage","","Communications"
"Energy Storage","","Critical Infrastructure"
"Energy Storage","","Defense"
"Energy Storage","","Manufacturing & Devices"
"Energy Storage","","Transportation"
"Energy-Aware Design","","Energy"
"Enterprise Management","","Communications"
"Enterprise Optimatization","","Manufacturing & Devices"
"Entity","","Computing & Information Technology"
"Entity Relationship Attribute Diagram","","Computing & Information Technology"
"Entrepreneurship","","Agriculture"
"Entrepreneurship","","Communications"
"Entrepreneurship","","Computing & Information Technology"
"Entrepreneurship","","Critical Infrastructure"
"Entrepreneurship","","Defense"
"Entrepreneurship","","Education"
"Entrepreneurship","","Energy"
"Entrepreneurship","","Entertainment"
"Entrepreneurship","","Environment"
"Entrepreneurship","","Financial Services"
"Entrepreneurship","","Healthcare"
"Entrepreneurship","","Manufacturing & Devices"
"Entrepreneurship","","Retail"
"Entrepreneurship","","Transportation"
"Environment-Friendly Computing","","Computing & Information Technology"
"Environmental","","Energy"
"Environmental Acoustics","","Defense"
"Environmental Acoustics","","Energy"
"Environmental Assessment","","Computing & Information Technology"
"Environmental Protection","","Transportation"
"Environmental Sensors","","Defense"
"Environmental Sensors","","Environment"
"Environmental Stress Screening","","Manufacturing & Devices"
"EPON","","Communications"
"Ergonomics","","Agriculture"
"Ergonomics","","Communications"
"Ergonomics","","Computing & Information Technology"
"Ergonomics","","Critical Infrastructure"
"Ergonomics","","Defense"
"Ergonomics","","Energy"
"Ergonomics","","Entertainment"
"Ergonomics","","Financial Services"
"Ergonomics","","Healthcare"
"Ergonomics","","Manufacturing & Devices"
"Ergonomics","","Retail"
"Ergonomics","","Transportation"
"Error Correction Codes","","Communications"
"Error Correction Codes","","Computing & Information Technology"
"Ethics","","Education"
"Evidence Based Medicine","","Healthcare"
"Expense","","Entertainment"
"Exploration","","Energy"
"Fail-Safe Systems","","Critical Infrastructure"
"Fail-Safe Systems","","Transportation"
"Failure Analysis","","Defense"
"Failure Analysis","","Manufacturing & Devices"
"Failure Mode & Effects Baseline","","Manufacturing & Devices"
"Failure Mode & Effects Baseline","","Transportation"
"Failure Modes","","Defense"
"Failure Rate","","Defense"
"Failure Reporting","","Manufacturing & Devices"
"Failures","","Energy"
"Failures","","Transportation"
"Fatigue","","Agriculture"
"Fatigue","","Defense"
"Fault","","Defense"
"Fault","","Energy"
"Fault","","Healthcare"
"Fault","","Manufacturing & Devices"
"Fault","","Transportation"
"Fault Accommodation","","Computing & Information Technology"
"Fault Accommodation","","Defense"
"Fault Accommodation","","Energy"
"Fault Accommodation","","Healthcare"
"Fault Accommodation","","Manufacturing & Devices"
"Fault Detection","","Defense"
"Fault Isolation","","Defense"
"Fault Recovery","","Defense"
"Fault Tolerance","","Defense"
"Fault Tolerance","","Energy"
"Fault-Tolerant Computing","","Computing & Information Technology"
"Femtocells","","Communications"
"Fiber Laser","","Manufacturing & Devices"
"Fiber Optics","","Energy"
"Fiber Optics","","Manufacturing & Devices"
"Fiber To The Premises","","Communications"
"Fiber Wireless Integration","","Communications"
"Field Failures","","Manufacturing & Devices"
"Field Failures","","Transportation"
"Finance","","Energy"
"Financial Resources","","Manufacturing & Devices"
"Financing","","Healthcare"
"First Responders","","Critical Infrastructure"
"Fixed Targets","","Defense"
"Flight Safety","","Defense"
"Floorplanning","","Defense"
"FMEA","","Energy"
"FMECA","","Energy"
"Focus","","Agriculture"
"Focus","","Communications"
"Focus","","Computing & Information Technology"
"Focus","","Critical Infrastructure"
"Focus","","Defense"
"Focus","","Education"
"Focus","","Energy"
"Focus","","Entertainment"
"Focus","","Environment"
"Focus","","Financial Services"
"Focus","","Healthcare"
"Focus","","Manufacturing & Devices"
"Focus","","Retail"
"Focus","","Transportation"
"Food","","Healthcare"
"Forecasting","","Energy"
"Forecasting","","Retail"
"Forensics","","Communications"
"Forensics","","Energy"
"Formal Methods","","Critical Infrastructure"
"Formal Methods","","Defense"
"Formal Methods","","Energy"
"Formal Methods","","Manufacturing & Devices"
"Fossil","","Energy"
"FRACAS","","Manufacturing & Devices"
"Frequency","","Energy"
"Frequency Disputes","","Communications"
"Frequency Hopping","","Communications"
"Fuel Cells","","Energy"
"Fuel Cells","","Transportation"
"Fuel Injectors","","Transportation"
"Gaining Commitment","","Manufacturing & Devices"
"Game Technology","","Computing & Information Technology"
"Gaming","","Entertainment"
"Gas","","Energy"
"Gas Detection","","Environment"
"GAVs","","Defense"
"Generation","","Energy"
"Generators","","Energy"
"Gigabit Wireless Networks","","Communications"
"GPON","","Communications"
"GPS","","Defense"
"GPS","","Transportation"
"Green Manufacturing","","Environment"
"Grid","","Energy"
"Ground Fixed Radar","","Communications"
"Ground Fixed Radar","","Defense"
"Ground Mapping","","Defense"
"Ground Mobile Radar","","Communications"
"Ground Mobile Radar","","Defense"
"Handheld Devices","","Communications"
"Handheld Radar","","Defense"
"Handheld Television","","Communications"
"Handheld Television","","Entertainment"
"Hands On","","Education"
"Haptics","","Computing & Information Technology"
"Harbor Security","","Critical Infrastructure"
"Hardened Facilities","","Defense"
"Hardware Design","","Agriculture"
"Hardware Design","","Computing & Information Technology"
"Hardware In The Loop","","Energy"
"Hardware/Software Co-Design","","Communications"
"Hardware/Software Co-Design","","Computing & Information Technology"
"Hardware/Software Co-Design","","Critical Infrastructure"
"Hardware/Software Co-Design","","Defense"
"Hardware/Software Co-Design","","Education"
"Hardware/Software Co-Design","","Energy"
"Hardware/Software Co-Design","","Entertainment"
"Hardware/Software Co-Design","","Environment"
"Hardware/Software Co-Design","","Financial Services"
"Hardware/Software Co-Design","","Healthcare"
"Hardware/Software Co-Design","","Manufacturing & Devices"
"Hardware/Software Co-Design","","Retail"
"Hardware/Software Co-Design","","Transportation"
"Harmonics","","Energy"
"Harvesting","","Energy"
"Hazard Analysis","","Agriculture"
"Hazard Analysis","","Defense"
"Hazard Analysis","","Energy"
"Hazard Analysis","","Healthcare"
"Hazard Analysis","","Manufacturing & Devices"
"Hazard Analysis","","Retail"
"Hazard Severity","","Defense"
"Hazard Severity","","Energy"
"Hazards","","Communications"
"Hazards","","Computing & Information Technology"
"Hazards","","Energy"
"Hazards","","Healthcare"
"Hazards","","Manufacturing & Devices"
"Hazards","","Retail"
"Health Information Systems","","Computing & Information Technology"
"Health Management","","Defense"
"Health Toys","","Healthcare"
"Healthcare Mgmt","","Healthcare"
"Healthcare Systems Effects","","Healthcare"
"HERF","","Defense"
"HERO","","Defense"
"HERP","","Defense"
"High Energy Density Capacitors","","Transportation"
"High Performance Design","","Defense"
"High Performance Design","","Entertainment"
"High Resolution Imaging","","Healthcare"
"High Throughput Screening","","Healthcare"
"Higher Functionality Implants","","Healthcare"
"Home Networking","","Communications"
"Homeland Security","","Critical Infrastructure"
"HPM","","Defense"
"HSE","","Energy"
"Human Centered","","Healthcare"
"Human Factors","","Computing & Information Technology"
"Human Factors","","Defense"
"Human Resources","","Defense"
"Human Resources","","Manufacturing & Devices"
"Human-Computer Interaction","","Computing & Information Technology"
"Human-Machine Interaction","","Critical Infrastructure"
"Human-Machine Interaction","","Energy"
"Human-Machine Interaction","","Healthcare"
"Human-Machine Interaction","","Manufacturing & Devices"
"Human-Machine Interaction","","Transportation"
"Human-Machine Interface","","Communications"
"Human-Machine Interface","","Education"
"Human-Machine Interface","","Energy"
"Human-Machine Interface","","Healthcare"
"Human-Machine Interface","","Manufacturing & Devices"
"Human-Machine Interface","","Transportation"
"Human-Robot Interaction","","Healthcare"
"Hybrid","","Transportation"
"Hybrid Vehicles","","Environment"
"Hydro","","Energy"
"Hydrodynamic","","Energy"
"Hydrogen Storage","","Energy"
"Image","","Entertainment"
"Image Processing","","Computing & Information Technology"
"Image Processing","","Entertainment"
"Immersive Games","","Entertainment"
"Immunity","","Entertainment"
"Immunity","","Transportation"
"Implantable Devices","","Healthcare"
"Imprinting Cables","","Manufacturing & Devices"
"IMS","","Communications"
"Inclusion","","Healthcare"
"Indoor Home Network","","Communications"
"Induction","","Energy"
"Industrial","","Energy"
"Informatics","","Healthcare"
"Information Assurance","","Computing & Information Technology"
"Information Forensics","","Critical Infrastructure"
"Information Forensics","","Defense"
"Information Retrieval","","Computing & Information Technology"
"Information Security","","Communications"
"Information Security","","Computing & Information Technology"
"Information Security","","Critical Infrastructure"
"Information Security","","Defense"
"Information Security","","Energy"
"Information Theory","","Computing & Information Technology"
"Infrared Imaging","","Defense"
"Infrastructure","","Defense"
"Infrastructure","","Energy"
"Infrastructure","","Transportation"
"Ink-Jet Printing","","Manufacturing & Devices"
"Innovation","","Agriculture"
"Innovation","","Communications"
"Innovation","","Computing & Information Technology"
"Innovation","","Critical Infrastructure"
"Innovation","","Defense"
"Innovation","","Education"
"Innovation","","Energy"
"Innovation","","Entertainment"
"Innovation","","Environment"
"Innovation","","Financial Services"
"Innovation","","Healthcare"
"Innovation","","Manufacturing & Devices"
"Innovation","","Retail"
"Innovation","","Transportation"
"Installation","","Energy"
"Instrumentation And Test","","Healthcare"
"Insulation","","Energy"
"Integrated Circuits","","Agriculture"
"Integrated Circuits","","Computing & Information Technology"
"Integrated Circuits","","Entertainment"
"Integrated Circuits","","Manufacturing & Devices"
"Integrated Passive Components","","Manufacturing & Devices"
"Integrated Systems","","Defense"
"Integrated Systems","","Entertainment"
"Integrated Weapons & Communications","","Defense"
"Integration","","Critical Infrastructure"
"Integrity","","Computing & Information Technology"
"Integrity","","Defense"
"Integrity","","Healthcare"
"Intelligent Agents","","Computing & Information Technology"
"Intelligent Infrastructure","","Energy"
"Intelligent Systems","","Communications"
"Intelligent Systems","","Computing & Information Technology"
"Intelligent Systems","","Defense"
"Intelligent Systems","","Education"
"Intelligent Systems","","Healthcare"
"Intentional EMI","","Defense"
"Interconnect Devices","","Computing & Information Technology"
"Interleving","","Computing & Information Technology"
"Internet Computing","","Computing & Information Technology"
"Internet Radio","","Entertainment"
"Internet Video","","Entertainment"
"Interoperability","","Communications"
"Intra-System Compatibility","","Communications"
"Intra-System Compatibility","","Defense"
"Inventory Control","","Retail"
"Inverters","","Energy"
"ITS","","Transportation"
"Knowledge Management","","Computing & Information Technology"
"Ladar","","Defense"
"Ladar","","Transportation"
"Large Scale Problems","","Computing & Information Technology"
"Large Scale Systems","","Manufacturing & Devices"
"Laser Radar","","Defense"
"Laser TV","","Entertainment"
"Laser Welding","","Manufacturing & Devices"
"Lasers","","Defense"
"Lasers","","Healthcare"
"Lasers","","Manufacturing & Devices"
"Lasers","","Transportation"
"LCD Displays","","Entertainment"
"Lead-Acid","","Energy"
"Lead-Free Piezoelectrics","","Environment"
"Learning Technology","","Computing & Information Technology"
"LED Lighting","","Retail"
"LEDs","","Transportation"
"LEMP","","Defense"
"Liability","","Manufacturing & Devices"
"Lidar","","Defense"
"Lidar","","Transportation"
"Life Cycle","","Manufacturing & Devices"
"Life Long Learning","","Education"
"Lightning","","Defense"
"Lightning","","Energy"
"Lightweight Aircraft","","Defense"
"Limited Life Items","","Defense"
"Limited Life Items","","Transportation"
"Line","","Energy"
"Linear","","Energy"
"Local Area Networks","","Computing & Information Technology"
"Location Based Service","","Communications"
"Logic Synthesis","","Computing & Information Technology"
"Logic Synthesis","","Critical Infrastructure"
"Logic Synthesis","","Defense"
"Logic Synthesis","","Education"
"Logic Synthesis","","Entertainment"
"Logic Synthesis","","Environment"
"Logic Synthesis","","Financial Services"
"Logic Synthesis","","Healthcare"
"Logic Synthesis","","Manufacturing & Devices"
"Logic Synthesis","","Retail"
"Logic Synthesis","","Transportation"
"Logistics","","Energy"
"Logistics","","Retail"
"Logistics","","Transportation"
"Longer Lifetime Implants","","Healthcare"
"Low Cost","","Manufacturing & Devices"
"Low Cost Diagnostics","","Healthcare"
"Low Power Devices","","Defense"
"LTE","","Communications"
"Machine Intelligence","","Computing & Information Technology"
"Machine Learning","","Computing & Information Technology"
"Machine Translation","","Computing & Information Technology"
"Machines","","Energy"
"Magnetics","","Energy"
"Magnetics","","Manufacturing & Devices"
"Maintainability","","Agriculture"
"Maintainability","","Communications"
"Maintainability","","Defense"
"Maintainability","","Education"
"Maintainability","","Energy"
"Maintainability","","Manufacturing & Devices"
"Maintainability","","Transportation"
"Maintenance","","Agriculture"
"Maintenance","","Energy"
"Maintenance","","Manufacturing & Devices"
"Maintenance","","Transportation"
"Maintenance Manhours Per Usage Time","","Defense"
"Management","","Energy"
"Management Capability","","Manufacturing & Devices"
"Management Functions","","Manufacturing & Devices"
"Management Recovery","","Communications"
"Management Training","","Education"
"Managing Competencies","","Agriculture"
"Managing Competencies","","Communications"
"Managing Competencies","","Computing & Information Technology"
"Managing Competencies","","Critical Infrastructure"
"Managing Competencies","","Defense"
"Managing Competencies","","Education"
"Managing Competencies","","Energy"
"Managing Competencies","","Entertainment"
"Managing Competencies","","Environment"
"Managing Competencies","","Financial Services"
"Managing Competencies","","Healthcare"
"Managing Competencies","","Manufacturing & Devices"
"Managing Competencies","","Retail"
"Managing Competencies","","Transportation"
"Manufacturing","","Energy"
"Manufacturing Standards","","Manufacturing & Devices"
"Marine Electronics","","Defense"
"Market","","Energy"
"Market","","Financial Services"
"Materials","","Energy"
"Measuring Performance","","Manufacturing & Devices"
"Mechanical Stress Analysis","","Transportation"
"Medical Data Processing","","Computing & Information Technology"
"Medical Devices","","Healthcare"
"Medical Microwaves","","Healthcare"
"Memory","","Computing & Information Technology"
"Mems","","Energy"
"Mems","","Healthcare"
"Mentoring","","Education"
"Meta Search","","Computing & Information Technology"
"Metering","","Energy"
"Methods","","Energy"
"Microfluidics","","Healthcare"
"Micromachines","","Healthcare"
"Microprocessor","","Computing & Information Technology"
"Military Computing","","Defense"
"Military Vehicles","","Defense"
"MIMO","","Communications"
"Mining","","Energy"
"Mission Critical","","Critical Infrastructure"
"Mission Critical","","Defense"
"Mission Planning","","Defense"
"Mobile Communication","","Education"
"Mobile Computing","","Computing & Information Technology"
"Mobile Sensor Networks","","Communications"
"Mobile Television","","Communications"
"Mobile Television","","Entertainment"
"Model-Based Reasoning","","Defense"
"Modeling","","Communications"
"Modeling","","Energy"
"Modeling","","Environment"
"Molecular Engines","","Healthcare"
"Monitoring","","Agriculture"
"Monitoring","","Computing & Information Technology"
"Monitoring","","Defense"
"Monitoring","","Entertainment"
"Monitoring","","Environment"
"Monitoring","","Financial Services"
"Monitoring","","Healthcare"
"Monitoring","","Manufacturing & Devices"
"Mortgage","","Financial Services"
"Motes","","Communications"
"Motor","","Energy"
"Moving Targets","","Defense"
"Multicore Systems","","Computing & Information Technology"
"Multicultural","","Education"
"Multimedia","","Computing & Information Technology"
"Multimedia","","Entertainment"
"Music On Demand","","Entertainment"
"Nano Sensors","","Defense"
"Nano Technology","","Communications"
"Nano Technology","","Defense"
"Nano Technology","","Healthcare"
"Nanoelectronics For Computing","","Computing & Information Technology"
"Nanofabrication Technologies","","Manufacturing & Devices"
"Nanosensors","","Environment"
"Narrowband","","Communications"
"Natural Disaster","","Environment"
"Natural Language Processing","","Computing & Information Technology"
"Navigation","","Defense"
"NEMP","","Defense"
"NEMP","","Energy"
"Network Interfaces","","Computing & Information Technology"
"Network Management","","Communications"
"Network Neutrality","","Communications"
"Networking","","Computing & Information Technology"
"Neural Systems","","Healthcare"
"Noise Analysis","","Agriculture"
"Noise Analysis","","Communications"
"Noise Analysis","","Computing & Information Technology"
"Noise Analysis","","Critical Infrastructure"
"Noise Analysis","","Defense"
"Noise Analysis","","Manufacturing & Devices"
"Noise Cancelling","","Communications"
"Noise Pollution","","Environment"
"Non-Destructive Evaluation","","Critical Infrastructure"
"Nonlethal Weapons","","Defense"
"Nourishment","","Critical Infrastructure"
"Nuclear","","Defense"
"Nuclear","","Energy"
"Nuclear Survivability","","Defense"
"Object-Oriented Design","","Computing & Information Technology"
"Object-Oriented Programming","","Computing & Information Technology"
"Objectives","","Agriculture"
"Objectives","","Communications"
"Objectives","","Computing & Information Technology"
"Objectives","","Critical Infrastructure"
"Objectives","","Defense"
"Objectives","","Education"
"Objectives","","Energy"
"Objectives","","Entertainment"
"Objectives","","Environment"
"Objectives","","Financial Services"
"Objectives","","Healthcare"
"Objectives","","Manufacturing & Devices"
"Objectives","","Retail"
"Objectives","","Transportation"
"Offensive Weaponry","","Defense"
"On-Chip","","Energy"
"On-Condition Maintenance","","Defense"
"On-The-Job","","Education"
"One Product","","Manufacturing & Devices"
"Open Systems","","Communications"
"Operating Systems","","Computing & Information Technology"
"Operation","","Energy"
"Operational Oceanography","","Defense"
"Operator Stations","","Manufacturing & Devices"
"Optical","","Communications"
"Optical Grid","","Computing & Information Technology"
"Optical Sensors","","Energy"
"Optical Sensors","","Environment"
"Optical Switching","","Communications"
"Optical/Fibre Communications","","Critical Infrastructure"
"Optimal Transport","","Energy"
"Optimized Content","","Education"
"Pandemic Prevention","","Environment"
"Pandemics","","Healthcare"
"Parallel Systems","","Computing & Information Technology"
"Parasites","","Healthcare"
"Pattern Analysis","","Computing & Information Technology"
"Pattern Reconfiguration","","Computing & Information Technology"
"Performance","","Energy"
"Personal Health Records","","Healthcare"
"Personal Networks","","Healthcare"
"Personal Safety","","Communications"
"Personal Security","","Retail"
"Petrochem","","Manufacturing & Devices"
"Pharmaceuticals","","Healthcare"
"Phase Out","","Manufacturing & Devices"
"Photoacoustics","","Healthcare"
"Photodynadic Therapy","","Healthcare"
"Photovoltaics","","Defense"
"Photovoltaics","","Energy"
"Photovoltaics","","Environment"
"Physics Of Failure","","Defense"
"Piezoelectric","","Energy"
"Place And Route","","Agriculture"
"Place And Route","","Computing & Information Technology"
"Place And Route","","Critical Infrastructure"
"Place And Route","","Defense"
"Place And Route","","Manufacturing & Devices"
"Planning","","Energy"
"Planning","","Retail"
"Plant Engineering","","Manufacturing & Devices"
"Plasma Displays","","Entertainment"
"Platforms","","Communications"
"Platforms","","Defense"
"PLCs","","Energy"
"PLCs","","Manufacturing & Devices"
"Podcasting","","Entertainment"
"Point Of Care Diagnostics","","Healthcare"
"Poles","","Energy"
"Policy","","Energy"
"Pollutants","","Healthcare"
"Pollution Control","","Environment"
"Pollution Mitigation","","Environment"
"Portable Applications","","Computing & Information Technology"
"Portable Devices","","Defense"
"Portable Power","","Healthcare"
"Positioning For Instrumentation","","Manufacturing & Devices"
"Post-Secondary","","Education"
"Power Generation","","Environment"
"Power Grid Fragility","","Environment"
"Power Quality","","Defense"
"Power Quality","","Energy"
"Power Saving","","Communications"
"Power Semiconductors","","Manufacturing & Devices"
"Power Transmission","","Environment"
"Power-Aware Computing","","Agriculture"
"Power-Aware Computing","","Communications"
"Power-Aware Computing","","Computing & Information Technology"
"Power-Aware Computing","","Critical Infrastructure"
"Power-Aware Computing","","Defense"
"Power-Aware Computing","","Education"
"Power-Aware Computing","","Energy"
"Power-Aware Computing","","Entertainment"
"Power-Aware Computing","","Environment"
"Power-Aware Computing","","Financial Services"
"Power-Aware Computing","","Healthcare"
"Power-Aware Computing","","Manufacturing & Devices"
"Power-Aware Computing","","Retail"
"Power-Aware Computing","","Transportation"
"Power-Aware Design","","Agriculture"
"Power-Aware Design","","Communications"
"Power-Aware Design","","Computing & Information Technology"
"Power-Aware Design","","Critical Infrastructure"
"Power-Aware Design","","Defense"
"Power-Aware Design","","Energy"
"Power-Aware Design","","Environment"
"Power-Aware Design","","Healthcare"
"Power-Aware Design","","Manufacturing & Devices"
"Powerline","","Communications"
"Pre-University","","Education"
"Precision Time Transfer To Challenged Platforms","","Communications"
"Presentation","","Education"
"Pricing","","Energy"
"Private","","Healthcare"
"Process","","Manufacturing & Devices"
"Process Automation Systems","","Manufacturing & Devices"
"Process Failure Modes And Effects Analysis","","Manufacturing & Devices"
"Process Integration","","Agriculture"
"Process Integration","","Communications"
"Process Integration","","Computing & Information Technology"
"Process Integration","","Critical Infrastructure"
"Process Integration","","Defense"
"Process Integration","","Education"
"Process Integration","","Energy"
"Process Integration","","Entertainment"
"Process Integration","","Environment"
"Process Integration","","Financial Services"
"Process Integration","","Healthcare"
"Process Integration","","Manufacturing & Devices"
"Process Integration","","Retail"
"Process Integration","","Transportation"
"Product And Functional Safety","","Communications"
"Product And Functional Safety","","Energy"
"Product And Functional Safety","","Entertainment"
"Product And Functional Safety","","Retail"
"Product Liability","","Communications"
"Product Liability","","Computing & Information Technology"
"Product Liability","","Defense"
"Product Security","","Retail"
"Productivity","","Manufacturing & Devices"
"Professional Development","","Education"
"Prognostics","","Defense"
"Prognostics","","Transportation"
"Prognostics And Health Management (PHM)","","Defense"
"Programming Languages","","Computing & Information Technology"
"Project Management","","Agriculture"
"Project Management","","Communications"
"Project Management","","Computing & Information Technology"
"Project Management","","Critical Infrastructure"
"Project Management","","Defense"
"Project Management","","Education"
"Project Management","","Energy"
"Project Management","","Entertainment"
"Project Management","","Environment"
"Project Management","","Financial Services"
"Project Management","","Healthcare"
"Project Management","","Manufacturing & Devices"
"Project Management","","Retail"
"Project Management","","Transportation"
"Prosthetics","","Healthcare"
"Protection","","Critical Infrastructure"
"Protection","","Energy"
"Public","","Healthcare"
"Pulp And Paper","","Manufacturing & Devices"
"Purpose","","Critical Infrastructure"
"QoE","","Communications"
"QoS","","Communications"
"Quality","","Energy"
"Quality","","Manufacturing & Devices"
"Quantum Computing","","Computing & Information Technology"
"Radiation","","Defense"
"Radio","","Communications"
"Radio","","Education"
"Radio","","Entertainment"
"Range Finding","","Defense"
"Rapid Response","","Critical Infrastructure"
"Real-Time Applications","","Computing & Information Technology"
"Reconfiguration","","Communications"
"Reconfiguration","","Computing & Information Technology"
"Reconfiguration","","Defense"
"Reconfiguration","","Energy"
"Recovery","","Computing & Information Technology"
"Recovery","","Critical Infrastructure"
"Recovery","","Defense"
"Recyclable Materials","","Environment"
"Refining","","Manufacturing & Devices"
"Regulation","","Energy"
"Regulatory Approvals","","Environment"
"Rehabilitation Engineering","","Healthcare"
"Rehabilitation Medicine","","Healthcare"
"Relay","","Energy"
"Reliability","","Agriculture"
"Reliability","","Communications"
"Reliability","","Computing & Information Technology"
"Reliability","","Critical Infrastructure"
"Reliability","","Defense"
"Reliability","","Education"
"Reliability","","Energy"
"Reliability","","Entertainment"
"Reliability","","Environment"
"Reliability","","Financial Services"
"Reliability","","Healthcare"
"Reliability","","Manufacturing & Devices"
"Reliability","","Retail"
"Reliability","","Transportation"
"Reliability Modeling","","Defense"
"Reliability Prediction Analysis","","Defense"
"Reliable Power","","Communications"
"Reliable Power","","Critical Infrastructure"
"Reliable Power","","Defense"
"Reliable Power","","Financial Services"
"Reliable Power","","Manufacturing & Devices"
"Reliable Power","","Retail"
"Remote Learning","","Education"
"Remote Power","","Agriculture"
"Remote Power","","Critical Infrastructure"
"Remote Power","","Environment"
"Remote Sensing","","Healthcare"
"Renewable","","Energy"
"Repair","","Communications"
"Rescue Systems","","Critical Infrastructure"
"Residential","","Energy"
"Resilience","","Critical Infrastructure"
"Resource Prioritization","","Critical Infrastructure"
"Resources","","Energy"
"Response Systems","","Critical Infrastructure"
"Retinal Scanning","","Healthcare"
"Returns","","Manufacturing & Devices"
"Reverberation","","Environment"
"RF Compatibility","","Communications"
"RF Compatibility","","Defense"
"RFID","","Communications"
"RFID","","Healthcare"
"RFID","","Retail"
"Risk Assessment","","Critical Infrastructure"
"Risk Assessment","","Defense"
"Risk Assessment","","Financial Services"
"Risk Assessment","","Retail"
"Risk Assessment","","Transportation"
"Risk Mitigation","","Critical Infrastructure"
"Risk Mitigation","","Defense"
"Risk Mitigation","","Financial Services"
"Risk Mitigation","","Manufacturing & Devices"
"Risk Mitigation","","Retail"
"Risk Mitigation","","Transportation"
"Robotics","","Manufacturing & Devices"
"Rov","","Defense"
"Rural Healthcare","","Healthcare"
"Rural Power","","Agriculture"
"Safe Wkshp","","Critical Infrastructure"
"Safety","","Defense"
"Safety","","Energy"
"Safety","","Transportation"
"Safety Critical","","Critical Infrastructure"
"Safety Critical","","Defense"
"Safety Critical","","Energy"
"Sanitation","","Critical Infrastructure"
"Satellite","","Communications"
"Satellite Observation","","Environment"
"Satellite TV","","Entertainment"
"SCADA","","Manufacturing & Devices"
"Scalability","","Energy"
"Scheduled Maintenance","","Defense"
"Scheduled Maintenance","","Energy"
"Scheduled Maintenance","","Manufacturing & Devices"
"Screening","","Defense"
"Screening","","Healthcare"
"SDK","","Communications"
"Search","","Computing & Information Technology"
"Secondary","","Education"
"Secure Coding (Counterfeiting Avoidance)","","Retail"
"Secure Communications","","Defense"
"Secure Communications","","Education"
"Security","","Communications"
"Security","","Computing & Information Technology"
"Security","","Defense"
"Security","","Energy"
"Security","","Transportation"
"Seismic","","Energy"
"Self Aware Systems","","Critical Infrastructure"
"Self Aware Systems","","Education"
"Self Aware Systems","","Entertainment"
"Self Aware Systems","","Healthcare"
"Self Education","","Education"
"Self Organization","","Communications"
"Self-Aware Systems","","Communications"
"Semantic Web","","Computing & Information Technology"
"Semiconductor","","Energy"
"Sensing","","Defense"
"Sensing","","Healthcare"
"Sensing","","Manufacturing & Devices"
"Sensing","","Transportation"
"Sensor Devices","","Agriculture"
"Sensor Devices","","Energy"
"Sensor Networks","","Communications"
"Sensor Networks","","Computing & Information Technology"
"Sensor Networks","","Critical Infrastructure"
"Sensor Networks","","Defense"
"Sensor Networks","","Manufacturing & Devices"
"Sensors And Actuators","","Communications"
"Sensors And Actuators","","Defense"
"Sensors And Actuators","","Energy"
"Sensors And Actuators","","Entertainment"
"Sensors And Actuators","","Environment"
"Sensors And Actuators","","Healthcare"
"Sensors And Actuators","","Manufacturing & Devices"
"Sensors For Condition-Based Maintenance","","Defense"
"Sensors For Condition-Based Maintenance","","Manufacturing & Devices"
"Sensors For Condition-Based Maintenance","","Transportation"
"Service Life","","Agriculture"
"Service Life","","Communications"
"Service Life","","Computing & Information Technology"
"Service Life","","Defense"
"Service Life","","Manufacturing & Devices"
"Service Life","","Retail"
"Service Life","","Transportation"
"Service Management","","Communications"
"Service Management","","Computing & Information Technology"
"Service Systems","","Critical Infrastructure"
"Set Top Box","","Communications"
"Severity Of Consequences","","Defense"
"Severity Of Consequences","","Energy"
"SGEMP","","Defense"
"Shapes Checking","","Manufacturing & Devices"
"Shelter","","Critical Infrastructure"
"Shielding","","Energy"
"Shipborne Radar","","Communications"
"Shipborne Radar","","Defense"
"Shipping","","Transportation"
"Signal Processing","","Communications"
"Signal Processing","","Computing & Information Technology"
"Signal Processing","","Healthcare"
"Simulation","","Computing & Information Technology"
"Simulation","","Environment"
"Simulation Interoperability","","Computing & Information Technology"
"Situational Awareness","","Critical Infrastructure"
"Situational Awareness","","Defense"
"Situational Awareness","","Healthcare"
"Situational Awareness","","Manufacturing & Devices"
"Situational Awareness","","Retail"
"Six Sigma","","Defense"
"Smart Grid","","Energy"
"Smart Sensors","","Computing & Information Technology"
"Smart Sensors","","Healthcare"
"Smart Sensors","","Manufacturing & Devices"
"Smart Weapons","","Defense"
"Social And Ethical Issues","","Healthcare"
"Social Computing","","Computing & Information Technology"
"Sociological Mobility Aware Networks","","Communications"
"Software Architecture","","Computing & Information Technology"
"Software Engineering","","Computing & Information Technology"
"Software Engineering Curricula","","Education"
"Software Life Cycle","","Computing & Information Technology"
"Software Process","","Computing & Information Technology"
"Software Testing","","Computing & Information Technology"
"Solar","","Energy"
"Solar","","Manufacturing & Devices"
"Solid State Lighting","","Environment"
"Solid State Lighting","","Transportation"
"Sonar","","Defense"
"Sonobuoys","","Defense"
"Space Commercialization","","Transportation"
"Space Radar","","Defense"
"Space Radiation","","Defense"
"Spacecraft","","Defense"
"Spectral Management","","Communications"
"Spectrum Control","","Defense"
"Speech","","Communications"
"Speech","","Entertainment"
"Speech And Audio Processing","","Computing & Information Technology"
"Speech Privacy","","Communications"
"Speed Of New Technology","","Healthcare"
"Spread Spectrum","","Communications"
"Spread Spectrum","","Computing & Information Technology"
"Stability","","Energy"
"Standardization","","Energy"
"Standardization","","Manufacturing & Devices"
"Standards","","Computing & Information Technology"
"Standards","","Energy"
"Standards","","Healthcare"
"State Diagram","","Computing & Information Technology"
"State Machine","","Computing & Information Technology"
"Statistics","","Environment"
"Stator","","Energy"
"Storage","","Energy"
"Storage Systems","","Computing & Information Technology"
"Strategy","","Manufacturing & Devices"
"Structural Health Monitoring","","Critical Infrastructure"
"Student Evaluation","","Education"
"Student Outreach","","Education"
"Submarine","","Energy"
"Substations","","Energy"
"Super Computing","","Computing & Information Technology"
"Superconductivity","","Energy"
"Supply Chain Integration","","Manufacturing & Devices"
"Supply-Side","","Energy"
"Supportability","","Defense"
"Supportability","","Transportation"
"Surges","","Energy"
"Survivability","","Defense"
"Susceptibility","","Defense"
"Susceptibility","","Transportation"
"Sustainability","","Critical Infrastructure"
"Sustainability","","Environment"
"Sustainment Of Commerce","","Critical Infrastructure"
"Sustainment Of Life","","Critical Infrastructure"
"Switching","","Energy"
"Switching Amplifiers","","Entertainment"
"System And Equipment Health Management","","Manufacturing & Devices"
"System Approach","","Critical Infrastructure"
"System Architecture For Automation Manufacturing","","Manufacturing & Devices"
"System Integration","","Communications"
"System Integration","","Defense"
"System Prognostics And Health Management (PHM)","","Defense"
"System Prognostics And Health Management (PHM)","","Education"
"System Safety","","Defense"
"System Safety","","Education"
"System Safety","","Energy"
"System Safety","","Transportation"
"System Security","","Communications"
"System Security","","Computing & Information Technology"
"System Security","","Defense"
"System Security","","Education"
"System Security","","Energy"
"System Security","","Financial Services"
"System-Of-Systems","","Computing & Information Technology"
"System-Of-Systems","","Healthcare"
"Systems Analysis","","Computing & Information Technology"
"Systems Engineering","","Computing & Information Technology"
"Tampering","","Retail"
"Target Avoidance Radar","","Defense"
"Target Avoidance Radar","","Transportation"
"Telemedicine","","Healthcare"
"Tempest / Data Security","","Defense"
"Terrorism","","Critical Infrastructure"
"Test Technology","","Computing & Information Technology"
"Testability","","Communications"
"Testability","","Computing & Information Technology"
"Testability","","Defense"
"Testability","","Education"
"Testability","","Manufacturing & Devices"
"Testability","","Transportation"
"Testing And Verification","","Agriculture"
"Testing And Verification","","Computing & Information Technology"
"Testing And Verification","","Critical Infrastructure"
"Testing And Verification","","Defense"
"Testing And Verification","","Education"
"Testing And Verification","","Energy"
"Testing And Verification","","Entertainment"
"Testing And Verification","","Environment"
"Testing And Verification","","Financial Services"
"Testing And Verification","","Healthcare"
"Testing And Verification","","Manufacturing & Devices"
"Testing And Verification","","Retail"
"Testing And Verification","","Transportation"
"Therapeutic Ultrasound","","Healthcare"
"Thermal","","Energy"
"Thermal Analysis","","Communications"
"Thermal Analysis","","Computing & Information Technology"
"Thermal Analysis","","Critical Infrastructure"
"Thermal Analysis","","Defense"
"Thermal Analysis","","Manufacturing & Devices"
"Threat Recognition","","Critical Infrastructure"
"Throughput Or Production Rate","","Manufacturing & Devices"
"Time To Market","","Manufacturing & Devices"
"Timing","","Agriculture"
"Timing","","Computing & Information Technology"
"Timing","","Critical Infrastructure"
"Timing","","Defense"
"Timing","","Education"
"Timing","","Energy"
"Timing","","Entertainment"
"Timing","","Environment"
"Timing","","Financial Services"
"Timing","","Healthcare"
"Timing","","Manufacturing & Devices"
"Timing","","Retail"
"Timing","","Transportation"
"Timing Analysis","","Agriculture"
"Timing Analysis","","Communications"
"Timing Analysis","","Computing & Information Technology"
"Tools","","Energy"
"Towed Arrays","","Defense"
"Traceability","","Healthcare"
"Trading","","Financial Services"
"Training And Continuing Education","","Defense"
"Training And Continuing Education","","Energy"
"Training And Continuing Education","","Healthcare"
"Transactions Processing","","Computing & Information Technology"
"Transcutaneous Power","","Healthcare"
"Transients","","Energy"
"Transmitters And Receivers","","Communications"
"Transportation","","Critical Infrastructure"
"Transportation","","Energy"
"TREE","","Defense"
"Trojan Horse","","Defense"
"Trust","","Communications"
"Trust","","Computing & Information Technology"
"Trust","","Defense"
"Trust","","Entertainment"
"Trust","","Financial Services"
"Trust","","Healthcare"
"Trust","","Retail"
"Tunable/Reconfigurable Electronics","","Defense"
"Tutoring","","Education"
"Ultra High Definition TV","","Entertainment"
"Ultra Wideband","","Communications"
"Ultrasonic Cleaning","","Environment"
"Ultrasonic Communication","","Communications"
"Ultrasound Imaging","","Healthcare"
"Ultrawideband","","Defense"
"UML","","Computing & Information Technology"
"Underwater Acoustics","","Defense"
"Underwater Cables","","Defense"
"Unified Modeling Language","","Computing & Information Technology"
"Unscheduled Maintenance","","Defense"
"Upgradeability","","Communications"
"Upgradeability","","Defense"
"Upgradeability","","Manufacturing & Devices"
"US Vs World","","Healthcare"
"Usability","","Healthcare"
"User Centered Design","","Computing & Information Technology"
"Utility Computing","","Computing & Information Technology"
"UWB","","Defense"
"VDSL","","Communications"
"Vehicle And Cargo Locations","","Transportation"
"Vehicular Control","","Defense"
"Video On Demand","","Entertainment"
"Virtual Worlds","","Entertainment"
"Virus","","Defense"
"Virus","","Healthcare"
"VLSI","","Computing & Information Technology"
"Volcanos","","Environment"
"Voltage","","Energy"
"Volume","","Manufacturing & Devices"
"Vulnerability","","Communications"
"Vulnerability","","Computing & Information Technology"
"Vulnerability","","Defense"
"Vulnerability","","Energy"
"Vulnerability","","Financial Services"
"Vulnerability","","Manufacturing & Devices"
"Vulnerability","","Retail"
"Vulnerability","","Transportation"
"Warning Systems","","Agriculture"
"Warning Systems","","Communications"
"Warning Systems","","Computing & Information Technology"
"Warning Systems","","Critical Infrastructure"
"Warning Systems","","Defense"
"Warning Systems","","Energy"
"Warning Systems","","Financial Services"
"Warning Systems","","Healthcare"
"Warning Systems","","Manufacturing & Devices"
"Warning Systems","","Retail"
"Warning Systems","","Transportation"
"Warranty","","Computing & Information Technology"
"Warranty","","Defense"
"Warranty","","Entertainment"
"Warranty","","Healthcare"
"Warranty","","Manufacturing & Devices"
"Warranty","","Retail"
"Warranty","","Transportation"
"Water","","Healthcare"
"Water Pollution","","Environment"
"Wave Power","","Energy"
"Waveform Diversity","","Communications"
"Wear","","Agriculture"
"Wear","","Defense"
"Wear","","Energy"
"Wearable Computing","","Computing & Information Technology"
"Wearable Computing","","Entertainment"
"Wearable Computing","","Healthcare"
"Wearable Sensors","","Communications"
"Wearable Sensors","","Defense"
"Wearable Sensors","","Entertainment"
"Wearable Sensors","","Healthcare"
"Weather Monitoring","","Environment"
"Weather Prediction","","Environment"
"Web Design","","Computing & Information Technology"
"Web Services","","Computing & Information Technology"
"WHN","","Communications"
"Wide Area Reliability","","Environment"
"Wideband","","Communications"
"WIMAX","","Communications"
"Wireless","","Communications"
"Wireless Access","","Communications"
"Wireless Antennas","","Healthcare"
"Wireless Control And Communication","","Manufacturing & Devices"
"Wireless Control And Communication","","Transportation"
"Wireless Propagation And Impairments","","Transportation"
"Wireless Propagation Modeling","","Communications"
"Wireless Propagation Modeling","","Defense"
"Wireless Radios","","Communications"
"Wireless Radios","","Education"
"Wireless Radios","","Healthcare"
"Wireless Sensing","","Healthcare"
"Wireless Sensing","","Manufacturing & Devices"
"Wireless Television","","Communications"
"Wiring","","Energy"
"Workshops","","Education"
"Worm","","Defense"
"Xbt","","Environment"
"Yield","","Agriculture"
"Yield","","Manufacturing & Devices"
