"Sector","Category","Name"
"Agriculture","","Availability"
"Agriculture","","Business"
"Agriculture","","Decision Making"
"Agriculture","","Dependability"
"Agriculture","","Design"
"Agriculture","","Design Automation"
"Agriculture","","Design For Manufacture"
"Agriculture","","Design Productivity"
"Agriculture","","Design Verification"
"Agriculture","","Drive Systems"
"Agriculture","","Embedded Systems"
"Agriculture","","Endurance"
"Agriculture","","Entrepreneurship"
"Agriculture","","Ergonomics"
"Agriculture","","Fatigue"
"Agriculture","","Focus"
"Agriculture","","Hardware Design"
"Agriculture","","Hazard Analysis"
"Agriculture","","Innovation"
"Agriculture","","Integrated Circuits"
"Agriculture","","Maintainability"
"Agriculture","","Maintenance"
"Agriculture","","Managing Competencies"
"Agriculture","","Monitoring"
"Agriculture","","Noise Analysis"
"Agriculture","","Objectives"
"Agriculture","","Place And Route"
"Agriculture","","Power-Aware Computing"
"Agriculture","","Power-Aware Design"
"Agriculture","","Process Integration"
"Agriculture","","Project Management"
"Agriculture","","Reliability"
"Agriculture","","Remote Power"
"Agriculture","","Rural Power"
"Agriculture","","Sensor Devices"
"Agriculture","","Service Life"
"Agriculture","","Testing And Verification"
"Agriculture","","Timing"
"Agriculture","","Timing Analysis"
"Agriculture","","Warning Systems"
"Agriculture","","Wear"
"Agriculture","","Yield"
"Communications","","4G"
"Communications","","Adaptive Antenna Arrays"
"Communications","","ADSL"
"Communications","","Antennas"
"Communications","","Anti-Jam"
"Communications","","Automotive"
"Communications","","Autonomic Systems"
"Communications","","Availability"
"Communications","","Bandwidth Maximization"
"Communications","","Baseband"
"Communications","","Broadband"
"Communications","","Business"
"Communications","","Car-To-Car"
"Communications","","Chip/Package Co-Design"
"Communications","","Circuit Analysis"
"Communications","","Circuit Optimization"
"Communications","","Cognitive Radio"
"Communications","","Collocation"
"Communications","","Decision Making"
"Communications","","Dependability"
"Communications","","Design Automation"
"Communications","","Design Specification"
"Communications","","Design Verification"
"Communications","","Distributed Networking"
"Communications","","ECCM"
"Communications","","Electromagnetic Interference"
"Communications","","Electromagnetic Packaging"
"Communications","","Electronic Protect"
"Communications","","End-To-End QoS"
"Communications","","Endurance"
"Communications","","Energy Harvesting"
"Communications","","Energy Storage"
"Communications","","Enterprise Management"
"Communications","","Entrepreneurship"
"Communications","","EPON"
"Communications","","Ergonomics"
"Communications","","Error Correction Codes"
"Communications","","Femtocells"
"Communications","","Fiber To The Premises"
"Communications","","Fiber Wireless Integration"
"Communications","","Focus"
"Communications","","Forensics"
"Communications","","Frequency Disputes"
"Communications","","Frequency Hopping"
"Communications","","Gigabit Wireless Networks"
"Communications","","GPON"
"Communications","","Ground Fixed Radar"
"Communications","","Ground Mobile Radar"
"Communications","","Handheld Devices"
"Communications","","Handheld Television"
"Communications","","Hardware/Software Co-Design"
"Communications","","Hazards"
"Communications","","Home Networking"
"Communications","","Human-Machine Interface"
"Communications","","IMS"
"Communications","","Indoor Home Network"
"Communications","","Information Security"
"Communications","","Innovation"
"Communications","","Intelligent Systems"
"Communications","","Interoperability"
"Communications","","Intra-System Compatibility"
"Communications","","Location Based Service"
"Communications","","LTE"
"Communications","","Maintainability"
"Communications","","Management Recovery"
"Communications","","Managing Competencies"
"Communications","","MIMO"
"Communications","","Mobile Sensor Networks"
"Communications","","Mobile Television"
"Communications","","Modeling"
"Communications","","Motes"
"Communications","","Nano Technology"
"Communications","","Narrowband"
"Communications","","Network Management"
"Communications","","Network Neutrality"
"Communications","","Noise Analysis"
"Communications","","Noise Cancelling"
"Communications","","Objectives"
"Communications","","Open Systems"
"Communications","","Optical"
"Communications","","Optical Switching"
"Communications","","Personal Safety"
"Communications","","Platforms"
"Communications","","Power Saving"
"Communications","","Power-Aware Computing"
"Communications","","Power-Aware Design"
"Communications","","Powerline"
"Communications","","Precision Time Transfer To Challenged Platforms"
"Communications","","Process Integration"
"Communications","","Product And Functional Safety"
"Communications","","Product Liability"
"Communications","","Project Management"
"Communications","","QoE"
"Communications","","QoS"
"Communications","","Radio"
"Communications","","Reconfiguration"
"Communications","","Reliability"
"Communications","","Reliable Power"
"Communications","","Repair"
"Communications","","RF Compatibility"
"Communications","","RFID"
"Communications","","Satellite"
"Communications","","SDK"
"Communications","","Security"
"Communications","","Self Organization"
"Communications","","Self-Aware Systems"
"Communications","","Sensor Networks"
"Communications","","Sensors And Actuators"
"Communications","","Service Life"
"Communications","","Service Management"
"Communications","","Set Top Box"
"Communications","","Shipborne Radar"
"Communications","","Signal Processing"
"Communications","","Sociological Mobility Aware Networks"
"Communications","","Spectral Management"
"Communications","","Speech"
"Communications","","Speech Privacy"
"Communications","","Spread Spectrum"
"Communications","","System Integration"
"Communications","","System Security"
"Communications","","Testability"
"Communications","","Thermal Analysis"
"Communications","","Timing Analysis"
"Communications","","Transmitters And Receivers"
"Communications","","Trust"
"Communications","","Ultra Wideband"
"Communications","","Ultrasonic Communication"
"Communications","","Upgradeability"
"Communications","","VDSL"
"Communications","","Vulnerability"
"Communications","","Warning Systems"
"Communications","","Waveform Diversity"
"Communications","","Wearable Sensors"
"Communications","","WHN"
"Communications","","Wideband"
"Communications","","WIMAX"
"Communications","","Wireless"
"Communications","","Wireless Access"
"Communications","","Wireless Propagation Modeling"
"Communications","","Wireless Radios"
"Communications","","Wireless Television"
"Computing & Information Technology","","802 Standards"
"Computing & Information Technology","","Algorithm"
"Computing & Information Technology","","Archiving Junk"
"Computing & Information Technology","","Artificial Intelligence"
"Computing & Information Technology","","Autonomous Self-Aware Machines"
"Computing & Information Technology","","Availability"
"Computing & Information Technology","","Bioinformatics"
"Computing & Information Technology","","Biometrics"
"Computing & Information Technology","","Business"
"Computing & Information Technology","","Business Process"
"Computing & Information Technology","","Certification"
"Computing & Information Technology","","Circuit Analysis"
"Computing & Information Technology","","Class"
"Computing & Information Technology","","Class Diagram"
"Computing & Information Technology","","Cloud Computing"
"Computing & Information Technology","","CMOS"
"Computing & Information Technology","","Collaborative Systems"
"Computing & Information Technology","","Compatibility"
"Computing & Information Technology","","Compilers"
"Computing & Information Technology","","Complexity Reduction And Abstraction"
"Computing & Information Technology","","Computational Biology"
"Computing & Information Technology","","Computational Intelligence"
"Computing & Information Technology","","Computational Science (Physics/Chemistry)"
"Computing & Information Technology","","Computer Architecture"
"Computing & Information Technology","","Computer Gaming"
"Computing & Information Technology","","Computer Graphics"
"Computing & Information Technology","","Computer Networking"
"Computing & Information Technology","","Computer Vision"
"Computing & Information Technology","","Cybernetics"
"Computing & Information Technology","","Cylclic Codes"
"Computing & Information Technology","","Data Centers"
"Computing & Information Technology","","Data Engineering"
"Computing & Information Technology","","Data Mining"
"Computing & Information Technology","","Data Storage"
"Computing & Information Technology","","Data Structures"
"Computing & Information Technology","","Databases"
"Computing & Information Technology","","Datacomms"
"Computing & Information Technology","","Dataflow"
"Computing & Information Technology","","Decision Making"
"Computing & Information Technology","","Degradation"
"Computing & Information Technology","","Dependability"
"Computing & Information Technology","","Dependable Computing"
"Computing & Information Technology","","Design Automation"
"Computing & Information Technology","","Design For Manufacture"
"Computing & Information Technology","","Design Productivity"
"Computing & Information Technology","","Design Specification"
"Computing & Information Technology","","Design Verification"
"Computing & Information Technology","","Digital Libraries"
"Computing & Information Technology","","Distributed Systems"
"Computing & Information Technology","","Domain Engineering"
"Computing & Information Technology","","E-Commerce"
"Computing & Information Technology","","E-Learning"
"Computing & Information Technology","","Education"
"Computing & Information Technology","","Efficient And Effective Search"
"Computing & Information Technology","","Electronic Packaging"
"Computing & Information Technology","","Embedded Computing"
"Computing & Information Technology","","Embedded Power"
"Computing & Information Technology","","Embedded Systems"
"Computing & Information Technology","","Endurance"
"Computing & Information Technology","","Entity"
"Computing & Information Technology","","Entity Relationship Attribute Diagram"
"Computing & Information Technology","","Entrepreneurship"
"Computing & Information Technology","","Environment-Friendly Computing"
"Computing & Information Technology","","Environmental Assessment"
"Computing & Information Technology","","Ergonomics"
"Computing & Information Technology","","Error Correction Codes"
"Computing & Information Technology","","Fault Accommodation"
"Computing & Information Technology","","Fault-Tolerant Computing"
"Computing & Information Technology","","Focus"
"Computing & Information Technology","","Game Technology"
"Computing & Information Technology","","Haptics"
"Computing & Information Technology","","Hardware Design"
"Computing & Information Technology","","Hardware/Software Co-Design"
"Computing & Information Technology","","Hazards"
"Computing & Information Technology","","Health Information Systems"
"Computing & Information Technology","","Human Factors"
"Computing & Information Technology","","Human-Computer Interaction"
"Computing & Information Technology","","Image Processing"
"Computing & Information Technology","","Information Assurance"
"Computing & Information Technology","","Information Retrieval"
"Computing & Information Technology","","Information Security"
"Computing & Information Technology","","Information Theory"
"Computing & Information Technology","","Innovation"
"Computing & Information Technology","","Integrated Circuits"
"Computing & Information Technology","","Integrity"
"Computing & Information Technology","","Intelligent Agents"
"Computing & Information Technology","","Intelligent Systems"
"Computing & Information Technology","","Interconnect Devices"
"Computing & Information Technology","","Interleving"
"Computing & Information Technology","","Internet Computing"
"Computing & Information Technology","","Knowledge Management"
"Computing & Information Technology","","Large Scale Problems"
"Computing & Information Technology","","Learning Technology"
"Computing & Information Technology","","Local Area Networks"
"Computing & Information Technology","","Logic Synthesis"
"Computing & Information Technology","","Machine Intelligence"
"Computing & Information Technology","","Machine Learning"
"Computing & Information Technology","","Machine Translation"
"Computing & Information Technology","","Managing Competencies"
"Computing & Information Technology","","Medical Data Processing"
"Computing & Information Technology","","Memory"
"Computing & Information Technology","","Meta Search"
"Computing & Information Technology","","Microprocessor"
"Computing & Information Technology","","Mobile Computing"
"Computing & Information Technology","","Monitoring"
"Computing & Information Technology","","Multicore Systems"
"Computing & Information Technology","","Multimedia"
"Computing & Information Technology","","Nanoelectronics For Computing"
"Computing & Information Technology","","Natural Language Processing"
"Computing & Information Technology","","Network Interfaces"
"Computing & Information Technology","","Networking"
"Computing & Information Technology","","Noise Analysis"
"Computing & Information Technology","","Object-Oriented Design"
"Computing & Information Technology","","Object-Oriented Programming"
"Computing & Information Technology","","Objectives"
"Computing & Information Technology","","Operating Systems"
"Computing & Information Technology","","Optical Grid"
"Computing & Information Technology","","Parallel Systems"
"Computing & Information Technology","","Pattern Analysis"
"Computing & Information Technology","","Pattern Reconfiguration"
"Computing & Information Technology","","Place And Route"
"Computing & Information Technology","","Portable Applications"
"Computing & Information Technology","","Power-Aware Computing"
"Computing & Information Technology","","Power-Aware Design"
"Computing & Information Technology","","Process Integration"
"Computing & Information Technology","","Product Liability"
"Computing & Information Technology","","Programming Languages"
"Computing & Information Technology","","Project Management"
"Computing & Information Technology","","Quantum Computing"
"Computing & Information Technology","","Real-Time Applications"
"Computing & Information Technology","","Reconfiguration"
"Computing & Information Technology","","Recovery"
"Computing & Information Technology","","Reliability"
"Computing & Information Technology","","Search"
"Computing & Information Technology","","Security"
"Computing & Information Technology","","Semantic Web"
"Computing & Information Technology","","Sensor Networks"
"Computing & Information Technology","","Service Life"
"Computing & Information Technology","","Service Management"
"Computing & Information Technology","","Signal Processing"
"Computing & Information Technology","","Simulation"
"Computing & Information Technology","","Simulation Interoperability"
"Computing & Information Technology","","Smart Sensors"
"Computing & Information Technology","","Social Computing"
"Computing & Information Technology","","Software Architecture"
"Computing & Information Technology","","Software Engineering"
"Computing & Information Technology","","Software Life Cycle"
"Computing & Information Technology","","Software Process"
"Computing & Information Technology","","Software Testing"
"Computing & Information Technology","","Speech And Audio Processing"
"Computing & Information Technology","","Spread Spectrum"
"Computing & Information Technology","","Standards"
"Computing & Information Technology","","State Diagram"
"Computing & Information Technology","","State Machine"
"Computing & Information Technology","","Storage Systems"
"Computing & Information Technology","","Super Computing"
"Computing & Information Technology","","System Security"
"Computing & Information Technology","","System-Of-Systems"
"Computing & Information Technology","","Systems Analysis"
"Computing & Information Technology","","Systems Engineering"
"Computing & Information Technology","","Test Technology"
"Computing & Information Technology","","Testability"
"Computing & Information Technology","","Testing And Verification"
"Computing & Information Technology","","Thermal Analysis"
"Computing & Information Technology","","Timing"
"Computing & Information Technology","","Timing Analysis"
"Computing & Information Technology","","Transactions Processing"
"Computing & Information Technology","","Trust"
"Computing & Information Technology","","UML"
"Computing & Information Technology","","Unified Modeling Language"
"Computing & Information Technology","","User Centered Design"
"Computing & Information Technology","","Utility Computing"
"Computing & Information Technology","","VLSI"
"Computing & Information Technology","","Vulnerability"
"Computing & Information Technology","","Warning Systems"
"Computing & Information Technology","","Warranty"
"Computing & Information Technology","","Wearable Computing"
"Computing & Information Technology","","Web Design"
"Computing & Information Technology","","Web Services"
"Critical Infrastructure","","Analytics"
"Critical Infrastructure","","Availability"
"Critical Infrastructure","","Batteries"
"Critical Infrastructure","","Bridge Monitoring"
"Critical Infrastructure","","Business"
"Critical Infrastructure","","C3I"
"Critical Infrastructure","","Capacity Building"
"Critical Infrastructure","","Chip/Package Co-Design"
"Critical Infrastructure","","Circuit Analysis"
"Critical Infrastructure","","Communication"
"Critical Infrastructure","","Communication Networks"
"Critical Infrastructure","","Data Analysis"
"Critical Infrastructure","","Data Logging"
"Critical Infrastructure","","Data Visualization"
"Critical Infrastructure","","Decision Making"
"Critical Infrastructure","","Definition"
"Critical Infrastructure","","Design"
"Critical Infrastructure","","Design Automation"
"Critical Infrastructure","","Design For Manufacture"
"Critical Infrastructure","","Design Specification"
"Critical Infrastructure","","Design Verification"
"Critical Infrastructure","","Detection Systems"
"Critical Infrastructure","","Disaster Prediction"
"Critical Infrastructure","","Disaster Response"
"Critical Infrastructure","","Distributed Sensor Networks"
"Critical Infrastructure","","Embedded Systems"
"Critical Infrastructure","","Emergency Preparedness"
"Critical Infrastructure","","Energy"
"Critical Infrastructure","","Energy Efficiency Solutions"
"Critical Infrastructure","","Energy Harvesting"
"Critical Infrastructure","","Energy Storage"
"Critical Infrastructure","","Entrepreneurship"
"Critical Infrastructure","","Ergonomics"
"Critical Infrastructure","","Fail-Safe Systems"
"Critical Infrastructure","","First Responders"
"Critical Infrastructure","","Focus"
"Critical Infrastructure","","Formal Methods"
"Critical Infrastructure","","Harbor Security"
"Critical Infrastructure","","Hardware/Software Co-Design"
"Critical Infrastructure","","Homeland Security"
"Critical Infrastructure","","Human-Machine Interaction"
"Critical Infrastructure","","Information Forensics"
"Critical Infrastructure","","Information Security"
"Critical Infrastructure","","Innovation"
"Critical Infrastructure","","Integration"
"Critical Infrastructure","","Logic Synthesis"
"Critical Infrastructure","","Managing Competencies"
"Critical Infrastructure","","Mission Critical"
"Critical Infrastructure","","Noise Analysis"
"Critical Infrastructure","","Non-Destructive Evaluation"
"Critical Infrastructure","","Nourishment"
"Critical Infrastructure","","Objectives"
"Critical Infrastructure","","Optical/Fibre Communications"
"Critical Infrastructure","","Place And Route"
"Critical Infrastructure","","Power-Aware Computing"
"Critical Infrastructure","","Power-Aware Design"
"Critical Infrastructure","","Process Integration"
"Critical Infrastructure","","Project Management"
"Critical Infrastructure","","Protection"
"Critical Infrastructure","","Purpose"
"Critical Infrastructure","","Rapid Response"
"Critical Infrastructure","","Recovery"
"Critical Infrastructure","","Reliability"
"Critical Infrastructure","","Reliable Power"
"Critical Infrastructure","","Remote Power"
"Critical Infrastructure","","Rescue Systems"
"Critical Infrastructure","","Resilience"
"Critical Infrastructure","","Resource Prioritization"
"Critical Infrastructure","","Response Systems"
"Critical Infrastructure","","Risk Assessment"
"Critical Infrastructure","","Risk Mitigation"
"Critical Infrastructure","","Safe Wkshp"
"Critical Infrastructure","","Safety Critical"
"Critical Infrastructure","","Sanitation"
"Critical Infrastructure","","Self Aware Systems"
"Critical Infrastructure","","Sensor Networks"
"Critical Infrastructure","","Service Systems"
"Critical Infrastructure","","Shelter"
"Critical Infrastructure","","Situational Awareness"
"Critical Infrastructure","","Structural Health Monitoring"
"Critical Infrastructure","","Sustainability"
"Critical Infrastructure","","Sustainment Of Commerce"
"Critical Infrastructure","","Sustainment Of Life"
"Critical Infrastructure","","System Approach"
"Critical Infrastructure","","Terrorism"
"Critical Infrastructure","","Testing And Verification"
"Critical Infrastructure","","Thermal Analysis"
"Critical Infrastructure","","Threat Recognition"
"Critical Infrastructure","","Timing"
"Critical Infrastructure","","Transportation"
"Critical Infrastructure","","Warning Systems"
"Defense","","3D Imaging"
"Defense","","Accelerated Testing"
"Defense","","Acceptance Testing"
"Defense","","Acoustic Communications"
"Defense","","Acoustics"
"Defense","","Active Vibration Control"
"Defense","","Airborne Radar"
"Defense","","All Weather Operation"
"Defense","","Antennas"
"Defense","","Anticipating The Enemy"
"Defense","","Arms Safing"
"Defense","","Artificial Intelligence"
"Defense","","ATC Radar"
"Defense","","Autonomous"
"Defense","","Autonomous Action"
"Defense","","AUV"
"Defense","","Availability"
"Defense","","Batteries"
"Defense","","Biometrics"
"Defense","","Built-In Test"
"Defense","","Burst Illumination"
"Defense","","Business"
"Defense","","C3I"
"Defense","","Chip/Package Co-Design"
"Defense","","Circuit Analysis"
"Defense","","Cognitive"
"Defense","","Collocation"
"Defense","","Combat Casualty Care"
"Defense","","Command Control Communication Intelligence"
"Defense","","Communication"
"Defense","","Computer Weapons"
"Defense","","Condition Based Maintenance"
"Defense","","CONOPS"
"Defense","","Countermeasures"
"Defense","","Cybersecurity"
"Defense","","Decision Making"
"Defense","","Decision Support"
"Defense","","Defensive Weaponry"
"Defense","","Degradation"
"Defense","","Delivery Mechanisms"
"Defense","","Dependability"
"Defense","","Derating Factors"
"Defense","","Design"
"Defense","","Design Automation"
"Defense","","Design For Manufacture"
"Defense","","Design Of Experiments (DOE)"
"Defense","","Design Specification"
"Defense","","Design Verification"
"Defense","","Deterioration"
"Defense","","Diagnostics"
"Defense","","Distributed Generation"
"Defense","","Distributed Power"
"Defense","","Drive Systems"
"Defense","","E3"
"Defense","","Electric Ship"
"Defense","","Electric Traction"
"Defense","","Electromagnetic Compatibility"
"Defense","","Electromagnetic Environmental Effects"
"Defense","","Electromagnetic Interference"
"Defense","","Electromagnetic Packaging"
"Defense","","Electromagnetic Pulse"
"Defense","","Electromagnetic Survivability"
"Defense","","Electronic Burnout"
"Defense","","Embedded Power"
"Defense","","Embedded Systems"
"Defense","","Emc"
"Defense","","EMI Control"
"Defense","","Emission Control (EMCON)"
"Defense","","Emissions"
"Defense","","EMV"
"Defense","","Endurance"
"Defense","","Energy Harvesting"
"Defense","","Energy Storage"
"Defense","","Entrepreneurship"
"Defense","","Environmental Acoustics"
"Defense","","Environmental Sensors"
"Defense","","Ergonomics"
"Defense","","Failure Analysis"
"Defense","","Failure Modes"
"Defense","","Failure Rate"
"Defense","","Fatigue"
"Defense","","Fault"
"Defense","","Fault Accommodation"
"Defense","","Fault Detection"
"Defense","","Fault Isolation"
"Defense","","Fault Recovery"
"Defense","","Fault Tolerance"
"Defense","","Fixed Targets"
"Defense","","Flight Safety"
"Defense","","Floorplanning"
"Defense","","Focus"
"Defense","","Formal Methods"
"Defense","","GAVs"
"Defense","","GPS"
"Defense","","Ground Fixed Radar"
"Defense","","Ground Mapping"
"Defense","","Ground Mobile Radar"
"Defense","","Handheld Radar"
"Defense","","Hardened Facilities"
"Defense","","Hardware/Software Co-Design"
"Defense","","Hazard Analysis"
"Defense","","Hazard Severity"
"Defense","","Health Management"
"Defense","","HERF"
"Defense","","HERO"
"Defense","","HERP"
"Defense","","High Performance Design"
"Defense","","HPM"
"Defense","","Human Factors"
"Defense","","Human Resources"
"Defense","","Information Forensics"
"Defense","","Information Security"
"Defense","","Infrared Imaging"
"Defense","","Infrastructure"
"Defense","","Innovation"
"Defense","","Integrated Systems"
"Defense","","Integrated Weapons & Communications"
"Defense","","Integrity"
"Defense","","Intelligent Systems"
"Defense","","Intentional EMI"
"Defense","","Intra-System Compatibility"
"Defense","","Ladar"
"Defense","","Laser Radar"
"Defense","","Lasers"
"Defense","","LEMP"
"Defense","","Lidar"
"Defense","","Lightning"
"Defense","","Lightweight Aircraft"
"Defense","","Limited Life Items"
"Defense","","Logic Synthesis"
"Defense","","Low Power Devices"
"Defense","","Maintainability"
"Defense","","Maintenance Manhours Per Usage Time"
"Defense","","Managing Competencies"
"Defense","","Marine Electronics"
"Defense","","Military Computing"
"Defense","","Military Vehicles"
"Defense","","Mission Critical"
"Defense","","Mission Planning"
"Defense","","Model-Based Reasoning"
"Defense","","Monitoring"
"Defense","","Moving Targets"
"Defense","","Nano Sensors"
"Defense","","Nano Technology"
"Defense","","Navigation"
"Defense","","NEMP"
"Defense","","Noise Analysis"
"Defense","","Nonlethal Weapons"
"Defense","","Nuclear"
"Defense","","Nuclear Survivability"
"Defense","","Objectives"
"Defense","","Offensive Weaponry"
"Defense","","On-Condition Maintenance"
"Defense","","Operational Oceanography"
"Defense","","Photovoltaics"
"Defense","","Physics Of Failure"
"Defense","","Place And Route"
"Defense","","Platforms"
"Defense","","Portable Devices"
"Defense","","Power Quality"
"Defense","","Power-Aware Computing"
"Defense","","Power-Aware Design"
"Defense","","Process Integration"
"Defense","","Product Liability"
"Defense","","Prognostics"
"Defense","","Prognostics And Health Management (PHM)"
"Defense","","Project Management"
"Defense","","Radiation"
"Defense","","Range Finding"
"Defense","","Reconfiguration"
"Defense","","Recovery"
"Defense","","Reliability"
"Defense","","Reliability Modeling"
"Defense","","Reliability Prediction Analysis"
"Defense","","Reliable Power"
"Defense","","RF Compatibility"
"Defense","","Risk Assessment"
"Defense","","Risk Mitigation"
"Defense","","Rov"
"Defense","","Safety"
"Defense","","Safety Critical"
"Defense","","Scheduled Maintenance"
"Defense","","Screening"
"Defense","","Secure Communications"
"Defense","","Security"
"Defense","","Sensing"
"Defense","","Sensor Networks"
"Defense","","Sensors And Actuators"
"Defense","","Sensors For Condition-Based Maintenance"
"Defense","","Service Life"
"Defense","","Severity Of Consequences"
"Defense","","SGEMP"
"Defense","","Shipborne Radar"
"Defense","","Situational Awareness"
"Defense","","Six Sigma"
"Defense","","Smart Weapons"
"Defense","","Sonar"
"Defense","","Sonobuoys"
"Defense","","Space Radar"
"Defense","","Space Radiation"
"Defense","","Spacecraft"
"Defense","","Spectrum Control"
"Defense","","Supportability"
"Defense","","Survivability"
"Defense","","Susceptibility"
"Defense","","System Integration"
"Defense","","System Prognostics And Health Management (PHM)"
"Defense","","System Safety"
"Defense","","System Security"
"Defense","","Target Avoidance Radar"
"Defense","","Tempest / Data Security"
"Defense","","Testability"
"Defense","","Testing And Verification"
"Defense","","Thermal Analysis"
"Defense","","Timing"
"Defense","","Towed Arrays"
"Defense","","Training And Continuing Education"
"Defense","","TREE"
"Defense","","Trojan Horse"
"Defense","","Trust"
"Defense","","Tunable/Reconfigurable Electronics"
"Defense","","Ultrawideband"
"Defense","","Underwater Acoustics"
"Defense","","Underwater Cables"
"Defense","","Unscheduled Maintenance"
"Defense","","Upgradeability"
"Defense","","UWB"
"Defense","","Vehicular Control"
"Defense","","Virus"
"Defense","","Vulnerability"
"Defense","","Warning Systems"
"Defense","","Warranty"
"Defense","","Wear"
"Defense","","Wearable Sensors"
"Defense","","Wireless Propagation Modeling"
"Defense","","Worm"
"Education","","Accreditation"
"Education","","Artificial Intelligence"
"Education","","Business"
"Education","","Certification"
"Education","","Cognitive Radio"
"Education","","Communication"
"Education","","Communication Networks"
"Education","","Comprehensive Approach"
"Education","","Computing Curricula"
"Education","","Connexions"
"Education","","Continuing"
"Education","","Dealing With Real World"
"Education","","Decision Making"
"Education","","Design"
"Education","","Design Automation"
"Education","","Design For Manufacture"
"Education","","Design Verification"
"Education","","Digital Libraries"
"Education","","Embedded Systems"
"Education","","Entrepreneurship"
"Education","","Ethics"
"Education","","Focus"
"Education","","Hands On"
"Education","","Hardware/Software Co-Design"
"Education","","Human-Machine Interface"
"Education","","Innovation"
"Education","","Intelligent Systems"
"Education","","Life Long Learning"
"Education","","Logic Synthesis"
"Education","","Maintainability"
"Education","","Management Training"
"Education","","Managing Competencies"
"Education","","Mentoring"
"Education","","Mobile Communication"
"Education","","Multicultural"
"Education","","Objectives"
"Education","","On-The-Job"
"Education","","Optimized Content"
"Education","","Post-Secondary"
"Education","","Power-Aware Computing"
"Education","","Pre-University"
"Education","","Presentation"
"Education","","Process Integration"
"Education","","Professional Development"
"Education","","Project Management"
"Education","","Radio"
"Education","","Reliability"
"Education","","Remote Learning"
"Education","","Secondary"
"Education","","Secure Communications"
"Education","","Self Aware Systems"
"Education","","Self Education"
"Education","","Software Engineering Curricula"
"Education","","Student Evaluation"
"Education","","Student Outreach"
"Education","","System Prognostics And Health Management (PHM)"
"Education","","System Safety"
"Education","","System Security"
"Education","","Testability"
"Education","","Testing And Verification"
"Education","","Timing"
"Education","","Tutoring"
"Education","","Wireless Radios"
"Education","","Workshops"
"Energy","","AC"
"Energy","","Acceptance Testing"
"Energy","","Adaptive Distribution"
"Energy","","Aging Workforce"
"Energy","","Algorithm"
"Energy","","Alternative"
"Energy","","Analysis"
"Energy","","Applications"
"Energy","","Asset"
"Energy","","Automation"
"Energy","","Batteries"
"Energy","","Biodiesel Conversion"
"Energy","","Blackout"
"Energy","","Built-In Test"
"Energy","","Business"
"Energy","","Cable"
"Energy","","Capacity Planning"
"Energy","","Capital Hedge Risk"
"Energy","","Carbon-Free"
"Energy","","Chemical"
"Energy","","Circuit"
"Energy","","Commercial"
"Energy","","Commissioning"
"Energy","","Communication"
"Energy","","Compatibility"
"Energy","","Components"
"Energy","","Computational"
"Energy","","Condition Assessment"
"Energy","","Conductors"
"Energy","","Congestion"
"Energy","","Connector"
"Energy","","Conservation"
"Energy","","Construction"
"Energy","","Control Systems"
"Energy","","Controls"
"Energy","","Conversion"
"Energy","","Current"
"Energy","","Data"
"Energy","","DC"
"Energy","","Decision Making"
"Energy","","Degradation"
"Energy","","Demand"
"Energy","","Demand-Side"
"Energy","","Design"
"Energy","","Design Automation"
"Energy","","Design For Manufacture"
"Energy","","Design Verification"
"Energy","","Devices"
"Energy","","Dielectrics"
"Energy","","Distributed Generation"
"Energy","","Distribution"
"Energy","","Dynamic"
"Energy","","Economics"
"Energy","","Education"
"Energy","","Efficiency"
"Energy","","Electric"
"Energy","","Electrical Overstress"
"Energy","","Electro-Mechanical"
"Energy","","Electronic"
"Energy","","Embedded Systems"
"Energy","","Emc"
"Energy","","Emissions"
"Energy","","Endurance"
"Energy","","Energy Harvesting"
"Energy","","Energy Savings"
"Energy","","Energy-Aware Design"
"Energy","","Entrepreneurship"
"Energy","","Environmental"
"Energy","","Environmental Acoustics"
"Energy","","Ergonomics"
"Energy","","Exploration"
"Energy","","Failures"
"Energy","","Fault"
"Energy","","Fault Accommodation"
"Energy","","Fault Tolerance"
"Energy","","Fiber Optics"
"Energy","","Finance"
"Energy","","FMEA"
"Energy","","FMECA"
"Energy","","Focus"
"Energy","","Forecasting"
"Energy","","Forensics"
"Energy","","Formal Methods"
"Energy","","Fossil"
"Energy","","Frequency"
"Energy","","Fuel Cells"
"Energy","","Gas"
"Energy","","Generation"
"Energy","","Generators"
"Energy","","Grid"
"Energy","","Hardware In The Loop"
"Energy","","Hardware/Software Co-Design"
"Energy","","Harmonics"
"Energy","","Harvesting"
"Energy","","Hazard Analysis"
"Energy","","Hazard Severity"
"Energy","","Hazards"
"Energy","","HSE"
"Energy","","Human-Machine Interaction"
"Energy","","Human-Machine Interface"
"Energy","","Hydro"
"Energy","","Hydrodynamic"
"Energy","","Hydrogen Storage"
"Energy","","Induction"
"Energy","","Industrial"
"Energy","","Information Security"
"Energy","","Infrastructure"
"Energy","","Innovation"
"Energy","","Installation"
"Energy","","Insulation"
"Energy","","Intelligent Infrastructure"
"Energy","","Inverters"
"Energy","","Lead-Acid"
"Energy","","Lightning"
"Energy","","Line"
"Energy","","Linear"
"Energy","","Logistics"
"Energy","","Machines"
"Energy","","Magnetics"
"Energy","","Maintainability"
"Energy","","Maintenance"
"Energy","","Management"
"Energy","","Managing Competencies"
"Energy","","Manufacturing"
"Energy","","Market"
"Energy","","Materials"
"Energy","","Mems"
"Energy","","Metering"
"Energy","","Methods"
"Energy","","Mining"
"Energy","","Modeling"
"Energy","","Motor"
"Energy","","NEMP"
"Energy","","Nuclear"
"Energy","","Objectives"
"Energy","","On-Chip"
"Energy","","Operation"
"Energy","","Optical Sensors"
"Energy","","Optimal Transport"
"Energy","","Performance"
"Energy","","Photovoltaics"
"Energy","","Piezoelectric"
"Energy","","Planning"
"Energy","","PLCs"
"Energy","","Poles"
"Energy","","Policy"
"Energy","","Power Quality"
"Energy","","Power-Aware Computing"
"Energy","","Power-Aware Design"
"Energy","","Pricing"
"Energy","","Process Integration"
"Energy","","Product And Functional Safety"
"Energy","","Project Management"
"Energy","","Protection"
"Energy","","Quality"
"Energy","","Reconfiguration"
"Energy","","Regulation"
"Energy","","Relay"
"Energy","","Reliability"
"Energy","","Renewable"
"Energy","","Residential"
"Energy","","Resources"
"Energy","","Safety"
"Energy","","Safety Critical"
"Energy","","Scalability"
"Energy","","Scheduled Maintenance"
"Energy","","Security"
"Energy","","Seismic"
"Energy","","Semiconductor"
"Energy","","Sensor Devices"
"Energy","","Sensors And Actuators"
"Energy","","Severity Of Consequences"
"Energy","","Shielding"
"Energy","","Smart Grid"
"Energy","","Solar"
"Energy","","Stability"
"Energy","","Standardization"
"Energy","","Standards"
"Energy","","Stator"
"Energy","","Storage"
"Energy","","Submarine"
"Energy","","Substations"
"Energy","","Superconductivity"
"Energy","","Supply-Side"
"Energy","","Surges"
"Energy","","Switching"
"Energy","","System Safety"
"Energy","","System Security"
"Energy","","Testing And Verification"
"Energy","","Thermal"
"Energy","","Timing"
"Energy","","Tools"
"Energy","","Training And Continuing Education"
"Energy","","Transients"
"Energy","","Transportation"
"Energy","","Voltage"
"Energy","","Vulnerability"
"Energy","","Warning Systems"
"Energy","","Wave Power"
"Energy","","Wear"
"Energy","","Wiring"
"Entertainment","","3D TV"
"Entertainment","","Animation"
"Entertainment","","Artificial Intelligence"
"Entertainment","","Audio"
"Entertainment","","Availability"
"Entertainment","","Avatar"
"Entertainment","","Business"
"Entertainment","","Cable TV"
"Entertainment","","Casual Games"
"Entertainment","","Chip/Package Co-Design"
"Entertainment","","Consumer"
"Entertainment","","Content Delivery"
"Entertainment","","Decision Making"
"Entertainment","","Delivery Cost"
"Entertainment","","Delivery Modes"
"Entertainment","","Dependability"
"Entertainment","","Design"
"Entertainment","","Design Automation"
"Entertainment","","Design For Manufacture"
"Entertainment","","Design Verification"
"Entertainment","","Development Cost"
"Entertainment","","Digital Books"
"Entertainment","","Digital Cinema"
"Entertainment","","Digital Home"
"Entertainment","","Digital Radio"
"Entertainment","","Digital TV"
"Entertainment","","DTV Transition"
"Entertainment","","Electronic Packaging"
"Entertainment","","Embedded Systems"
"Entertainment","","Emissions"
"Entertainment","","Entrepreneurship"
"Entertainment","","Ergonomics"
"Entertainment","","Expense"
"Entertainment","","Focus"
"Entertainment","","Gaming"
"Entertainment","","Handheld Television"
"Entertainment","","Hardware/Software Co-Design"
"Entertainment","","High Performance Design"
"Entertainment","","Image"
"Entertainment","","Image Processing"
"Entertainment","","Immersive Games"
"Entertainment","","Immunity"
"Entertainment","","Innovation"
"Entertainment","","Integrated Circuits"
"Entertainment","","Integrated Systems"
"Entertainment","","Internet Radio"
"Entertainment","","Internet Video"
"Entertainment","","Laser TV"
"Entertainment","","LCD Displays"
"Entertainment","","Logic Synthesis"
"Entertainment","","Managing Competencies"
"Entertainment","","Mobile Television"
"Entertainment","","Monitoring"
"Entertainment","","Multimedia"
"Entertainment","","Music On Demand"
"Entertainment","","Objectives"
"Entertainment","","Plasma Displays"
"Entertainment","","Podcasting"
"Entertainment","","Power-Aware Computing"
"Entertainment","","Process Integration"
"Entertainment","","Product And Functional Safety"
"Entertainment","","Project Management"
"Entertainment","","Radio"
"Entertainment","","Reliability"
"Entertainment","","Satellite TV"
"Entertainment","","Self Aware Systems"
"Entertainment","","Sensors And Actuators"
"Entertainment","","Speech"
"Entertainment","","Switching Amplifiers"
"Entertainment","","Testing And Verification"
"Entertainment","","Timing"
"Entertainment","","Trust"
"Entertainment","","Ultra High Definition TV"
"Entertainment","","Video On Demand"
"Entertainment","","Virtual Worlds"
"Entertainment","","Warranty"
"Entertainment","","Wearable Computing"
"Entertainment","","Wearable Sensors"
"Environment","","Airborne Observation"
"Environment","","Analysis"
"Environment","","Biohazards"
"Environment","","Biological Impact"
"Environment","","Biological Sciences"
"Environment","","Bioremediation"
"Environment","","Bottom Types"
"Environment","","Bubble Clouds"
"Environment","","Business"
"Environment","","Carbon Assessment"
"Environment","","Climate"
"Environment","","Climate Change"
"Environment","","Coal Burning"
"Environment","","Cosmic Events"
"Environment","","Ctd"
"Environment","","Cyberattack"
"Environment","","Data Mining"
"Environment","","Decision Making"
"Environment","","Design"
"Environment","","Design Automation"
"Environment","","Design For Manufacture"
"Environment","","Design Verification"
"Environment","","Disaster Planning"
"Environment","","Distributed Generation"
"Environment","","Distributed Power"
"Environment","","Ecoinformatics"
"Environment","","Effcient Displays"
"Environment","","Electric Traction"
"Environment","","Embedded Systems"
"Environment","","Energy Aware Design"
"Environment","","Energy Efficiency Solutions"
"Environment","","Entrepreneurship"
"Environment","","Environmental Sensors"
"Environment","","Focus"
"Environment","","Gas Detection"
"Environment","","Green Manufacturing"
"Environment","","Hardware/Software Co-Design"
"Environment","","Hybrid Vehicles"
"Environment","","Innovation"
"Environment","","Lead-Free Piezoelectrics"
"Environment","","Logic Synthesis"
"Environment","","Managing Competencies"
"Environment","","Modeling"
"Environment","","Monitoring"
"Environment","","Nanosensors"
"Environment","","Natural Disaster"
"Environment","","Noise Pollution"
"Environment","","Objectives"
"Environment","","Optical Sensors"
"Environment","","Pandemic Prevention"
"Environment","","Photovoltaics"
"Environment","","Pollution Control"
"Environment","","Pollution Mitigation"
"Environment","","Power Generation"
"Environment","","Power Grid Fragility"
"Environment","","Power Transmission"
"Environment","","Power-Aware Computing"
"Environment","","Power-Aware Design"
"Environment","","Process Integration"
"Environment","","Project Management"
"Environment","","Recyclable Materials"
"Environment","","Regulatory Approvals"
"Environment","","Reliability"
"Environment","","Remote Power"
"Environment","","Reverberation"
"Environment","","Satellite Observation"
"Environment","","Sensors And Actuators"
"Environment","","Simulation"
"Environment","","Solid State Lighting"
"Environment","","Statistics"
"Environment","","Sustainability"
"Environment","","Testing And Verification"
"Environment","","Timing"
"Environment","","Ultrasonic Cleaning"
"Environment","","Volcanos"
"Environment","","Water Pollution"
"Environment","","Weather Monitoring"
"Environment","","Weather Prediction"
"Environment","","Wide Area Reliability"
"Environment","","Xbt"
"Financial Services","","Availability"
"Financial Services","","Banking"
"Financial Services","","Business"
"Financial Services","","Consumer"
"Financial Services","","Credit"
"Financial Services","","Decision Making"
"Financial Services","","Dependability"
"Financial Services","","Design"
"Financial Services","","Design Automation"
"Financial Services","","Design For Manufacture"
"Financial Services","","Design Verification"
"Financial Services","","Embedded Systems"
"Financial Services","","Entrepreneurship"
"Financial Services","","Ergonomics"
"Financial Services","","Focus"
"Financial Services","","Hardware/Software Co-Design"
"Financial Services","","Innovation"
"Financial Services","","Logic Synthesis"
"Financial Services","","Managing Competencies"
"Financial Services","","Market"
"Financial Services","","Monitoring"
"Financial Services","","Mortgage"
"Financial Services","","Objectives"
"Financial Services","","Power-Aware Computing"
"Financial Services","","Process Integration"
"Financial Services","","Project Management"
"Financial Services","","Reliability"
"Financial Services","","Reliable Power"
"Financial Services","","Risk Assessment"
"Financial Services","","Risk Mitigation"
"Financial Services","","System Security"
"Financial Services","","Testing And Verification"
"Financial Services","","Timing"
"Financial Services","","Trading"
"Financial Services","","Trust"
"Financial Services","","Vulnerability"
"Financial Services","","Warning Systems"
"Healthcare","","3D Design"
"Healthcare","","Access"
"Healthcare","","Affordability"
"Healthcare","","Agency Cooperation"
"Healthcare","","Air"
"Healthcare","","Artificial Intelligence"
"Healthcare","","Artificial Limbs"
"Healthcare","","Artificial Organs"
"Healthcare","","Assessment"
"Healthcare","","Availability"
"Healthcare","","Bioclinical Monitoring"
"Healthcare","","Bioengineering"
"Healthcare","","Biomedical Signals"
"Healthcare","","Biomems"
"Healthcare","","Biometrics"
"Healthcare","","Biotechnology"
"Healthcare","","Body As A Network"
"Healthcare","","Business"
"Healthcare","","Chip/Package Co-Design"
"Healthcare","","Computed Radiography"
"Healthcare","","Computer Assisted Medical Decision Making"
"Healthcare","","Cultural Aspects Of Health"
"Healthcare","","Data Mining"
"Healthcare","","Data Privacy"
"Healthcare","","Data Security"
"Healthcare","","Decision Making"
"Healthcare","","Decision Support"
"Healthcare","","Dependability"
"Healthcare","","Design"
"Healthcare","","Design Automation"
"Healthcare","","Design For Manufacture"
"Healthcare","","Design Verification"
"Healthcare","","Diagnosis"
"Healthcare","","Diagnostic Tools"
"Healthcare","","Distributed Monitoring Systems"
"Healthcare","","DNA Sequencing"
"Healthcare","","Drug Delivery"
"Healthcare","","Drug Design"
"Healthcare","","Electromagnetic Imaging"
"Healthcare","","Electronic Medical Records"
"Healthcare","","Electronic Medical Records Standards"
"Healthcare","","Electronic Packaging"
"Healthcare","","Electronics Reliability In The Body"
"Healthcare","","Embedded Systems"
"Healthcare","","Emergency Response"
"Healthcare","","Energy Harvesting"
"Healthcare","","Entrepreneurship"
"Healthcare","","Ergonomics"
"Healthcare","","Evidence Based Medicine"
"Healthcare","","Fault"
"Healthcare","","Fault Accommodation"
"Healthcare","","Financing"
"Healthcare","","Focus"
"Healthcare","","Food"
"Healthcare","","Hardware/Software Co-Design"
"Healthcare","","Hazard Analysis"
"Healthcare","","Hazards"
"Healthcare","","Health Toys"
"Healthcare","","Healthcare Mgmt"
"Healthcare","","Healthcare Systems Effects"
"Healthcare","","High Resolution Imaging"
"Healthcare","","High Throughput Screening"
"Healthcare","","Higher Functionality Implants"
"Healthcare","","Human Centered"
"Healthcare","","Human-Machine Interaction"
"Healthcare","","Human-Machine Interface"
"Healthcare","","Human-Robot Interaction"
"Healthcare","","Implantable Devices"
"Healthcare","","Inclusion"
"Healthcare","","Informatics"
"Healthcare","","Innovation"
"Healthcare","","Instrumentation And Test"
"Healthcare","","Integrity"
"Healthcare","","Intelligent Systems"
"Healthcare","","Lasers"
"Healthcare","","Logic Synthesis"
"Healthcare","","Longer Lifetime Implants"
"Healthcare","","Low Cost Diagnostics"
"Healthcare","","Managing Competencies"
"Healthcare","","Medical Devices"
"Healthcare","","Medical Microwaves"
"Healthcare","","Mems"
"Healthcare","","Microfluidics"
"Healthcare","","Micromachines"
"Healthcare","","Molecular Engines"
"Healthcare","","Monitoring"
"Healthcare","","Nano Technology"
"Healthcare","","Neural Systems"
"Healthcare","","Objectives"
"Healthcare","","Pandemics"
"Healthcare","","Parasites"
"Healthcare","","Personal Health Records"
"Healthcare","","Personal Networks"
"Healthcare","","Pharmaceuticals"
"Healthcare","","Photoacoustics"
"Healthcare","","Photodynadic Therapy"
"Healthcare","","Point Of Care Diagnostics"
"Healthcare","","Pollutants"
"Healthcare","","Portable Power"
"Healthcare","","Power-Aware Computing"
"Healthcare","","Power-Aware Design"
"Healthcare","","Private"
"Healthcare","","Process Integration"
"Healthcare","","Project Management"
"Healthcare","","Prosthetics"
"Healthcare","","Public"
"Healthcare","","Rehabilitation Engineering"
"Healthcare","","Rehabilitation Medicine"
"Healthcare","","Reliability"
"Healthcare","","Remote Sensing"
"Healthcare","","Retinal Scanning"
"Healthcare","","RFID"
"Healthcare","","Rural Healthcare"
"Healthcare","","Screening"
"Healthcare","","Self Aware Systems"
"Healthcare","","Sensing"
"Healthcare","","Sensors And Actuators"
"Healthcare","","Signal Processing"
"Healthcare","","Situational Awareness"
"Healthcare","","Smart Sensors"
"Healthcare","","Social And Ethical Issues"
"Healthcare","","Speed Of New Technology"
"Healthcare","","Standards"
"Healthcare","","System-Of-Systems"
"Healthcare","","Telemedicine"
"Healthcare","","Testing And Verification"
"Healthcare","","Therapeutic Ultrasound"
"Healthcare","","Timing"
"Healthcare","","Traceability"
"Healthcare","","Training And Continuing Education"
"Healthcare","","Transcutaneous Power"
"Healthcare","","Trust"
"Healthcare","","Ultrasound Imaging"
"Healthcare","","US Vs World"
"Healthcare","","Usability"
"Healthcare","","Virus"
"Healthcare","","Warning Systems"
"Healthcare","","Warranty"
"Healthcare","","Water"
"Healthcare","","Wearable Computing"
"Healthcare","","Wearable Sensors"
"Healthcare","","Wireless Antennas"
"Healthcare","","Wireless Radios"
"Healthcare","","Wireless Sensing"
"Manufacturing & Devices","","3D Integration"
"Manufacturing & Devices","","Acceptance Testing"
"Manufacturing & Devices","","Automation"
"Manufacturing & Devices","","Availability"
"Manufacturing & Devices","","Batteries"
"Manufacturing & Devices","","Business"
"Manufacturing & Devices","","Chemical"
"Manufacturing & Devices","","Circuit"
"Manufacturing & Devices","","Circuit Analysis"
"Manufacturing & Devices","","Communication Networks"
"Manufacturing & Devices","","Condition Based Maintenance"
"Manufacturing & Devices","","Consumer Products"
"Manufacturing & Devices","","Contamination Control"
"Manufacturing & Devices","","Continuous Manufacturing"
"Manufacturing & Devices","","Continuous Process Control"
"Manufacturing & Devices","","Control And Optimization Algorithm"
"Manufacturing & Devices","","Culture"
"Manufacturing & Devices","","Customer Expectations"
"Manufacturing & Devices","","Cutting"
"Manufacturing & Devices","","Cycle Time"
"Manufacturing & Devices","","DCSs"
"Manufacturing & Devices","","Decision Making"
"Manufacturing & Devices","","Defects"
"Manufacturing & Devices","","Defining Purpose"
"Manufacturing & Devices","","Design"
"Manufacturing & Devices","","Design Automation"
"Manufacturing & Devices","","Design For Manufacture"
"Manufacturing & Devices","","Design Specification"
"Manufacturing & Devices","","Design Verification"
"Manufacturing & Devices","","Devices"
"Manufacturing & Devices","","Diagnostic Tools"
"Manufacturing & Devices","","Discrete Manufacturing"
"Manufacturing & Devices","","Discrete-Event And Sequence Control"
"Manufacturing & Devices","","Disk Laser"
"Manufacturing & Devices","","Displays"
"Manufacturing & Devices","","Distributed Sensor Networks"
"Manufacturing & Devices","","Drive Systems"
"Manufacturing & Devices","","Embedded Intelligence"
"Manufacturing & Devices","","Embedded Systems"
"Manufacturing & Devices","","Energy Efficiency Solutions"
"Manufacturing & Devices","","Energy Storage"
"Manufacturing & Devices","","Enterprise Optimatization"
"Manufacturing & Devices","","Entrepreneurship"
"Manufacturing & Devices","","Environmental Stress Screening"
"Manufacturing & Devices","","Ergonomics"
"Manufacturing & Devices","","Failure Analysis"
"Manufacturing & Devices","","Failure Mode & Effects Baseline"
"Manufacturing & Devices","","Failure Reporting"
"Manufacturing & Devices","","Fault"
"Manufacturing & Devices","","Fault Accommodation"
"Manufacturing & Devices","","Fiber Laser"
"Manufacturing & Devices","","Fiber Optics"
"Manufacturing & Devices","","Field Failures"
"Manufacturing & Devices","","Financial Resources"
"Manufacturing & Devices","","Focus"
"Manufacturing & Devices","","Formal Methods"
"Manufacturing & Devices","","FRACAS"
"Manufacturing & Devices","","Gaining Commitment"
"Manufacturing & Devices","","Hardware/Software Co-Design"
"Manufacturing & Devices","","Hazard Analysis"
"Manufacturing & Devices","","Hazards"
"Manufacturing & Devices","","Human Resources"
"Manufacturing & Devices","","Human-Machine Interaction"
"Manufacturing & Devices","","Human-Machine Interface"
"Manufacturing & Devices","","Imprinting Cables"
"Manufacturing & Devices","","Ink-Jet Printing"
"Manufacturing & Devices","","Innovation"
"Manufacturing & Devices","","Integrated Circuits"
"Manufacturing & Devices","","Integrated Passive Components"
"Manufacturing & Devices","","Large Scale Systems"
"Manufacturing & Devices","","Laser Welding"
"Manufacturing & Devices","","Lasers"
"Manufacturing & Devices","","Liability"
"Manufacturing & Devices","","Life Cycle"
"Manufacturing & Devices","","Logic Synthesis"
"Manufacturing & Devices","","Low Cost"
"Manufacturing & Devices","","Magnetics"
"Manufacturing & Devices","","Maintainability"
"Manufacturing & Devices","","Maintenance"
"Manufacturing & Devices","","Management Capability"
"Manufacturing & Devices","","Management Functions"
"Manufacturing & Devices","","Managing Competencies"
"Manufacturing & Devices","","Manufacturing Standards"
"Manufacturing & Devices","","Measuring Performance"
"Manufacturing & Devices","","Monitoring"
"Manufacturing & Devices","","Nanofabrication Technologies"
"Manufacturing & Devices","","Noise Analysis"
"Manufacturing & Devices","","Objectives"
"Manufacturing & Devices","","One Product"
"Manufacturing & Devices","","Operator Stations"
"Manufacturing & Devices","","Petrochem"
"Manufacturing & Devices","","Phase Out"
"Manufacturing & Devices","","Place And Route"
"Manufacturing & Devices","","Plant Engineering"
"Manufacturing & Devices","","PLCs"
"Manufacturing & Devices","","Positioning For Instrumentation"
"Manufacturing & Devices","","Power Semiconductors"
"Manufacturing & Devices","","Power-Aware Computing"
"Manufacturing & Devices","","Power-Aware Design"
"Manufacturing & Devices","","Process"
"Manufacturing & Devices","","Process Automation Systems"
"Manufacturing & Devices","","Process Failure Modes And Effects Analysis"
"Manufacturing & Devices","","Process Integration"
"Manufacturing & Devices","","Productivity"
"Manufacturing & Devices","","Project Management"
"Manufacturing & Devices","","Pulp And Paper"
"Manufacturing & Devices","","Quality"
"Manufacturing & Devices","","Refining"
"Manufacturing & Devices","","Reliability"
"Manufacturing & Devices","","Reliable Power"
"Manufacturing & Devices","","Returns"
"Manufacturing & Devices","","Risk Mitigation"
"Manufacturing & Devices","","Robotics"
"Manufacturing & Devices","","SCADA"
"Manufacturing & Devices","","Scheduled Maintenance"
"Manufacturing & Devices","","Sensing"
"Manufacturing & Devices","","Sensor Networks"
"Manufacturing & Devices","","Sensors And Actuators"
"Manufacturing & Devices","","Sensors For Condition-Based Maintenance"
"Manufacturing & Devices","","Service Life"
"Manufacturing & Devices","","Shapes Checking"
"Manufacturing & Devices","","Situational Awareness"
"Manufacturing & Devices","","Smart Sensors"
"Manufacturing & Devices","","Solar"
"Manufacturing & Devices","","Standardization"
"Manufacturing & Devices","","Strategy"
"Manufacturing & Devices","","Supply Chain Integration"
"Manufacturing & Devices","","System And Equipment Health Management"
"Manufacturing & Devices","","System Architecture For Automation Manufacturing"
"Manufacturing & Devices","","Testability"
"Manufacturing & Devices","","Testing And Verification"
"Manufacturing & Devices","","Thermal Analysis"
"Manufacturing & Devices","","Throughput Or Production Rate"
"Manufacturing & Devices","","Time To Market"
"Manufacturing & Devices","","Timing"
"Manufacturing & Devices","","Upgradeability"
"Manufacturing & Devices","","Volume"
"Manufacturing & Devices","","Vulnerability"
"Manufacturing & Devices","","Warning Systems"
"Manufacturing & Devices","","Warranty"
"Manufacturing & Devices","","Wireless Control And Communication"
"Manufacturing & Devices","","Wireless Sensing"
"Manufacturing & Devices","","Yield"
"Retail","","Business"
"Retail","","Coding And Marketing Technology (Optical & RFID)"
"Retail","","Counterfeiting"
"Retail","","Data Mining"
"Retail","","Decision Making"
"Retail","","Design"
"Retail","","Design Automation"
"Retail","","Design For Manufacture"
"Retail","","Design Verification"
"Retail","","Embedded Systems"
"Retail","","Energy Efficiency Solutions"
"Retail","","Entrepreneurship"
"Retail","","Ergonomics"
"Retail","","Focus"
"Retail","","Forecasting"
"Retail","","Hardware/Software Co-Design"
"Retail","","Hazard Analysis"
"Retail","","Hazards"
"Retail","","Innovation"
"Retail","","Inventory Control"
"Retail","","LED Lighting"
"Retail","","Logic Synthesis"
"Retail","","Logistics"
"Retail","","Managing Competencies"
"Retail","","Objectives"
"Retail","","Personal Security"
"Retail","","Planning"
"Retail","","Power-Aware Computing"
"Retail","","Process Integration"
"Retail","","Product And Functional Safety"
"Retail","","Product Security"
"Retail","","Project Management"
"Retail","","Reliability"
"Retail","","Reliable Power"
"Retail","","RFID"
"Retail","","Risk Assessment"
"Retail","","Risk Mitigation"
"Retail","","Secure Coding (Counterfeiting Avoidance)"
"Retail","","Service Life"
"Retail","","Situational Awareness"
"Retail","","Tampering"
"Retail","","Testing And Verification"
"Retail","","Timing"
"Retail","","Trust"
"Retail","","Vulnerability"
"Retail","","Warning Systems"
"Retail","","Warranty"
"Transportation","","3D Imaging"
"Transportation","","Alternate Fuel"
"Transportation","","Alternate Propulsion"
"Transportation","","Antennas"
"Transportation","","Autonomous Vehicles"
"Transportation","","Availability"
"Transportation","","Business"
"Transportation","","Collision Avoidance"
"Transportation","","Condition Based Maintenance"
"Transportation","","Congestion Management"
"Transportation","","Corrosion"
"Transportation","","Decision Making"
"Transportation","","Delivery"
"Transportation","","Demand Projection"
"Transportation","","Dependability"
"Transportation","","Design"
"Transportation","","Design Automation"
"Transportation","","Design For Manufacture"
"Transportation","","Design Verification"
"Transportation","","Detection Systems"
"Transportation","","Distributed Sensor Networks"
"Transportation","","Efficiency"
"Transportation","","Electric Traction"
"Transportation","","Embedded Systems"
"Transportation","","Emergency Traffic Administration"
"Transportation","","Emissions"
"Transportation","","Endurance"
"Transportation","","Energy Storage"
"Transportation","","Entrepreneurship"
"Transportation","","Environmental Protection"
"Transportation","","Ergonomics"
"Transportation","","Fail-Safe Systems"
"Transportation","","Failure Mode & Effects Baseline"
"Transportation","","Failures"
"Transportation","","Fault"
"Transportation","","Field Failures"
"Transportation","","Focus"
"Transportation","","Fuel Cells"
"Transportation","","Fuel Injectors"
"Transportation","","GPS"
"Transportation","","Hardware/Software Co-Design"
"Transportation","","High Energy Density Capacitors"
"Transportation","","Human-Machine Interaction"
"Transportation","","Human-Machine Interface"
"Transportation","","Hybrid"
"Transportation","","Immunity"
"Transportation","","Infrastructure"
"Transportation","","Innovation"
"Transportation","","ITS"
"Transportation","","Ladar"
"Transportation","","Lasers"
"Transportation","","LEDs"
"Transportation","","Lidar"
"Transportation","","Limited Life Items"
"Transportation","","Logic Synthesis"
"Transportation","","Logistics"
"Transportation","","Maintainability"
"Transportation","","Maintenance"
"Transportation","","Managing Competencies"
"Transportation","","Mechanical Stress Analysis"
"Transportation","","Objectives"
"Transportation","","Power-Aware Computing"
"Transportation","","Process Integration"
"Transportation","","Prognostics"
"Transportation","","Project Management"
"Transportation","","Reliability"
"Transportation","","Risk Assessment"
"Transportation","","Risk Mitigation"
"Transportation","","Safety"
"Transportation","","Security"
"Transportation","","Sensing"
"Transportation","","Sensors For Condition-Based Maintenance"
"Transportation","","Service Life"
"Transportation","","Shipping"
"Transportation","","Solid State Lighting"
"Transportation","","Space Commercialization"
"Transportation","","Supportability"
"Transportation","","Susceptibility"
"Transportation","","System Safety"
"Transportation","","Target Avoidance Radar"
"Transportation","","Testability"
"Transportation","","Testing And Verification"
"Transportation","","Timing"
"Transportation","","Vehicle And Cargo Locations"
"Transportation","","Vulnerability"
"Transportation","","Warning Systems"
"Transportation","","Warranty"
"Transportation","","Wireless Control And Communication"
"Transportation","","Wireless Propagation And Impairments"
