"Tag","Sector"
"Project Management","Energy, Manufacturing & Devices, Agriculture, Computing & IT, Critical Infrastructure, Financial Services, Communications, Retail, Healthcare, Education, Entertainment, Transportation, Defense, Environment"
"Entrepreneurship","Energy, Manufacturing & Devices, Agriculture, Computing & IT, Critical Infrastructure, Financial Services, Communications, Retail, Healthcare, Education, Entertainment, Transportation, Defense, Environment"
"Process Integration","Energy, Manufacturing & Devices, Agriculture, Computing & IT, Critical Infrastructure, Financial Services, Communications, Retail, Healthcare, Education, Entertainment, Transportation, Defense, Environment"
"Design verification","Energy, Manufacturing & Devices, Agriculture, Computing & IT, Critical Infrastructure, Financial Services, Communications, Retail, Healthcare, Education, Entertainment, Transportation, Defense, Environment"
"Objectives","Energy, Manufacturing & Devices, Agriculture, Computing & IT, Critical Infrastructure, Financial Services, Communications, Retail, Healthcare, Education, Entertainment, Transportation, Defense, Environment"
"Decision Making","Energy, Manufacturing & Devices, Agriculture, Computing & IT, Critical Infrastructure, Financial Services, Communications, Retail, Healthcare, Education, Entertainment, Transportation, Defense, Environment"
"Design automation","Energy, Manufacturing & Devices, Agriculture, Computing & IT, Critical Infrastructure, Financial Services, Communications, Retail, Healthcare, Education, Entertainment, Transportation, Defense, Environment"
"Power-aware computing","Energy, Manufacturing & Devices, Agriculture, Computing & IT, Critical Infrastructure, Financial Services, Communications, Retail, Healthcare, Education, Entertainment, Transportation, Defense, Environment"
"Business","Energy, Manufacturing & Devices, Agriculture, Computing & IT, Critical Infrastructure, Financial Services, Communications, Retail, Healthcare, Education, Entertainment, Transportation, Defense, Environment"
"Focus","Energy, Manufacturing & Devices, Agriculture, Computing & IT, Critical Infrastructure, Financial Services, Communications, Retail, Healthcare, Education, Entertainment, Transportation, Defense, Environment"
"Reliability","Energy, Agriculture, Manufacturing & Devices, Computing & IT, Critical Infrastructure, Financial Services, Communications, Retail, Healthcare, Education, Entertainment, Transportation, Defense, Environment"
"Testing and verification","Energy, Manufacturing & Devices, Agriculture, Computing & IT, Critical Infrastructure, Financial Services, Communications, Retail, Healthcare, Education, Entertainment, Transportation, Defense, Environment"
"Managing Competencies","Energy, Manufacturing & Devices, Agriculture, Computing & IT, Critical Infrastructure, Financial Services, Communications, Retail, Healthcare, Education, Entertainment, Transportation, Defense, Environment"
"Innovation","Communications, Entertainment, Transportation, Defense, Environment, Computing & IT, Financial Services, Healthcare, Education, Energy, Manufacturing & Devices, Agriculture, Critical Infrastructure, Retail"
"Embedded Systems","Energy, Manufacturing & Devices, Agriculture, Computing & IT, Critical Infrastructure, Financial Services, Retail, Healthcare, Education, Entertainment, Transportation, Defense, Environment"
"Hardware/software co-design","Environment, Energy, Education, Computing & IT, Healthcare, Retail, Entertainment, Manufacturing & Devices, Critical Infrastructure, Communications, Defense, Financial Services, Transportation"
"Timing","Energy, Manufacturing & Devices, Agriculture, Computing & IT, Critical Infrastructure, Financial Services, Retail, Healthcare, Education, Entertainment, Transportation, Defense, Environment"
"Design for manufacture","Energy, Manufacturing & Devices, Agriculture, Computing & IT, Critical Infrastructure, Financial Services, Retail, Healthcare, Education, Entertainment, Transportation, Defense, Environment"
"Evaluating personnel","Manufacturing & Devices, Agriculture, Computing & IT, Critical Infrastructure, Financial Services, Communications, Retail, Healthcare, Education, Entertainment, Transportation, Environment"
"Finding opportunities","Manufacturing & Devices, Agriculture, Computing & IT, Critical Infrastructure, Financial Services, Communications, Retail, Healthcare, Education, Entertainment, Transportation, Environment"
"Solving problems","Manufacturing & Devices, Agriculture, Computing & IT, Critical Infrastructure, Financial Services, Communications, Retail, Healthcare, Education, Entertainment, Transportation, Environment"
"design","Environment, Energy, Education, Healthcare, Retail, Entertainment, Manufacturing & Devices, Critical Infrastructure, Defense, Agriculture, Financial Services, Transportation"
"Finding problems","Manufacturing & Devices, Agriculture, Computing & IT, Critical Infrastructure, Financial Services, Communications, Retail, Healthcare, Education, Entertainment, Transportation, Environment"
"ergonomics","Energy, Computing & IT, Healthcare, Retail, Entertainment, Manufacturing & Devices, Critical Infrastructure, Communications, Defense, Agriculture, Financial Services, Transportation"
"Managing technology","Manufacturing & Devices, Agriculture, Computing & IT, Critical Infrastructure, Financial Services, Communications, Retail, Healthcare, Education, Entertainment, Transportation, Environment"
"reliability","Energy, Education, Computing & IT, Healthcare, Entertainment, Manufacturing & Devices, Communications, Defense, Agriculture, Financial Services, Transportation"
"Logic synthesis","Environment, Education, Computing & IT, Healthcare, Retail, Entertainment, Manufacturing & Devices, Critical Infrastructure, Defense, Financial Services, Transportation"
"warning systems","Energy, Computing & IT, Healthcare, Retail, Manufacturing & Devices, Critical Infrastructure, Communications, Defense, Agriculture, Financial Services, Transportation"
"wireless antennas","Environment, Energy, Computing & IT, Healthcare, Entertainment, Manufacturing & Devices, Critical Infrastructure, Communications, Defense, Agriculture, Transportation"
"wireless propagation and impairments","Environment, Energy, Computing & IT, Healthcare, Entertainment, Manufacturing & Devices, Communications, Agriculture, Financial Services, Transportation"
"availability","Computing & IT, Healthcare, Entertainment, Manufacturing & Devices, Critical Infrastructure, Communications, Defense, Agriculture, Financial Services, Transportation"
"Diagnostics","Environment, Energy, Education, Healthcare, Manufacturing & Devices, Critical Infrastructure, Defense, Agriculture, Transportation"
"sensors and actuators","Environment, Energy, Computing & IT, Healthcare, Entertainment, Manufacturing & Devices, Communications, Defense, Agriculture"
"monitoring","Environment, Computing & IT, Healthcare, Entertainment, Manufacturing & Devices, Defense, Agriculture, Financial Services"
"RFID","Agriculture, Computing & IT, Critical Infrastructure, Communications, Healthcare, Retail, Transportation, Defense"
"Thermal Stress","Environment, Energy, Healthcare, Manufacturing & Devices, Critical Infrastructure, Communications, Defense, Transportation"
"Electrical Stress","Environment, Energy, Healthcare, Manufacturing & Devices, Critical Infrastructure, Communications, Defense, Transportation"
"dependability","Computing & IT, Healthcare, Entertainment, Communications, Defense, Agriculture, Financial Services, Transportation"
"power-aware design","Environment, Energy, Computing & IT, Manufacturing & Devices, Critical Infrastructure, Communications, Defense, Agriculture"
"antennas","Education, Computing & IT, Entertainment, Manufacturing & Devices, Critical Infrastructure, Communications, Defense, Transportation"
"wireless sensing","Environment, Energy, Computing & IT, Healthcare, Critical Infrastructure, Manufacturing & Devices, Agriculture, Transportation"
"Environmental Stress","Environment, Energy, Healthcare, Manufacturing & Devices, Critical Infrastructure, Communications, Defense, Transportation"
"Multifactor Stress","Environment, Energy, Healthcare, Manufacturing & Devices, Critical Infrastructure, Communications, Defense, Transportation"
"Mechanical Stress","Environment, Energy, Healthcare, Manufacturing & Devices, Critical Infrastructure, Communications, Defense, Transportation"
"Electrical Insulating Materials","Energy, Healthcare, Manufacturing & Devices, Critical Infrastructure, Communications, Defense, Transportation"
"reliable power","Healthcare, Retail, Manufacturing & Devices, Critical Infrastructure, Communications, Defense, Financial Services"
"trust","Computing & IT, Healthcare, Retail, Entertainment, Communications, Defense, Financial Services"
"Electrical Insulation Systems","Energy, Education, Manufacturing & Devices, Critical Infrastructure, Communications, Defense, Transportation"
"wireless sensors","Environment, Energy, Computing & IT, Healthcare, Manufacturing & Devices, Agriculture, Transportation"
"Vulnerability","Computing & IT, Retail, Manufacturing & Devices, Communications, Defense, Financial Services, Transportation"
"warranty","Computing & IT, Healthcare, Retail, Entertainment, Manufacturing & Devices, Defense, Transportation"
"energy storage","Healthcare, Manufacturing & Devices, Critical Infrastructure, Communications, Defense, Transportation"
"adaptive antenna arrays","Computing & IT, Entertainment, Manufacturing & Devices, Critical Infrastructure, Communications, Defense"
"system security","Communications, Defense, Energy, Education, Computing & IT, Financial Services"
"service life","Retail, Manufacturing & Devices, Communications, Defense, Transportation, Computing & IT"
"Secure Communications","Transportation, Defense, Critical Infrastructure, Education, Computing & IT, Financial Services"
"cognitive radio","Environment, Education, Manufacturing & Devices, Critical Infrastructure, Communications, Defense"
"endurance","Communications, Defense, Transportation, Energy, Agriculture, Computing & IT"
"wireless propagation modeling","Environment, Energy, Healthcare, Entertainment, Manufacturing & Devices, Communications"
"usability","Defense, Entertainment, Transportation, Healthcare, Education, Computing & IT"
"hazards","Retail, Manufacturing & Devices, Communications, Energy, Healthcare, Computing & IT"
"human-machine interfaces","Energy, Education, Entertainment, Manufacturing & Devices, Defense, Transportation"
"risk mitigation","Retail, Manufacturing & Devices, Defense, Transportation, Critical Infrastructure, Financial Services"
"wireless control and communication","Computing & IT, Entertainment, Manufacturing & Devices, Communications, Agriculture, Transportation"
"testability","Manufacturing & Devices, Communications, Defense, Transportation, Education, Computing & IT"
"human-machine interaction","Energy, Healthcare, Entertainment, Manufacturing & Devices, Critical Infrastructure, Transportation"
"maintainability","Manufacturing & Devices, Communications, Defense, Transportation, Education"
"Failure Mechanisms","Manufacturing & Devices, Defense, Transportation, Energy, Critical Infrastructure"
"decision support","Defense, Transportation, Critical Infrastructure, Healthcare, Computing & IT"
"situational awareness","Retail, Manufacturing & Devices, Defense, Healthcare, Critical Infrastructure"
"risk assessment","Retail, Defense, Transportation, Critical Infrastructure, Financial Services"
"software defined radio","Manufacturing & Devices, Communications, Defense, Transportation, Critical Infrastructure"
"noise analysis","Manufacturing & Devices, Communications, Defense, Agriculture, Computing & IT"
"batteries","Energy, Manufacturing & Devices, Critical Infrastructure, Defense, Transportation"
"place and route","Manufacturing & Devices, Defense, Agriculture, Critical Infrastructure, Computing & IT"
"circuit analysis","Manufacturing & Devices, Communications, Defense, Critical Infrastructure, Computing & IT"
"fault","Manufacturing & Devices, Defense, Transportation, Energy, Healthcare"
"thermal analysis","Manufacturing & Devices, Communications, Defense, Critical Infrastructure, Computing & IT"
"energy efficiency solutions","Retail, Manufacturing & Devices, Energy, Critical Infrastructure, Environment"
"chip/package co-design","Communications, Defense, Entertainment, Healthcare, Critical Infrastructure"
"Physical Computing","Manufacturing & Devices, Energy, Critical Infrastructure, Computing & IT, Environment"
"emissions","Communications, Entertainment, Transportation, Energy"
"communication systems","Manufacturing & Devices, Critical Infrastructure, Education, Computing & IT"
"satellite observation","Communications, Defense, Transportation, Environment"
"design specification","Communications, Defense, Critical Infrastructure, Computing & IT"
"sensor networks","Manufacturing & Devices, Communications, Critical Infrastructure, Computing & IT"
"smart sensors","Manufacturing & Devices, Agriculture, Healthcare, Computing & IT"
"energy harvesting","Communications, Defense, Critical Infrastructure, Healthcare"
"wireless radios","Communications, Agriculture, Healthcare, Education"
"maintenance","Manufacturing & Devices, Transportation, Energy, Agriculture"
"Environmental Sensors","Defense, Agriculture, Computing & IT, Environment"
"system safety","Defense, Transportation, Energy, Education"
"information security","Communications, Energy, Critical Infrastructure, Computing & IT"
"documentation","Defense, Critical Infrastructure, Education, Computing & IT"
"formal methods","Manufacturing & Devices, Defense, Energy, Critical Infrastructure"
"reconfigurable antennas","Communications, Defense, Transportation, Computing & IT"
"security","Communications, Transportation, Energy, Education"
"Antennas","Communications, Defense, Critical Infrastructure, Computing & IT"
"wearable sensors","Communications, Defense, Entertainment, Healthcare"
"reconfiguration","Communications, Defense, Energy, Computing & IT"
"Sensing","Defense, Healthcare, Critical Infrastructure, Computing & IT"
"fault accomodation","Manufacturing & Devices, Energy, Healthcare, Computing & IT"
"Intelligent Systems","Communications, Defense, Education, Computing & IT"
"integrity","Defense, Healthcare, Computing & IT"
"timing analysis","Communications, Agriculture, Computing & IT"
"product liability","Communications, Defense, Computing & IT"
"user-centered design","Entertainment, Education, Computing & IT"
"Energy Harvesting","Defense, Energy, Critical Infrastructure"
"Wireless Propagation Modeling","Communications, Defense, Agriculture"
"Standards","Communications, Healthcare, Computing & IT"
"electric traction","Defense, Transportation, Environment"
"NEMP","Defense, Energy, Critical Infrastructure"
"smart antennas","Defense, Transportation, Computing & IT"
"distributed sensor networks","Manufacturing & Devices, Transportation, Critical Infrastructure"
"recovery","Defense, Critical Infrastructure, Computing & IT"
"remote power","Agriculture, Critical Infrastructure, Environment"
"distributed_generation","Defense, Energy, Environment"
"failure analysis","Manufacturing & Devices, Defense, Computing & IT"
"weather monitoring","Defense, Agriculture, Environment"
"wearable antennas","Communications, Defense, Healthcare"
"Security & privacy","Communications, Entertainment, Computing & IT"
"3D imaging","Defense, Transportation, Healthcare"
"Ground Mobile Radar","Communications, Transportation, Defense"
"Simulation","Entertainment, Transportation, Computing & IT"
"degradation","Defense, Energy, Computing & IT"
"Virtual Worlds","Entertainment, Education, Computing & IT"
"fiber optics","Manufacturing & Devices, Communications, Energy"
"sensors for condition-based maintenance","Manufacturing & Devices, Defense, Transportation"
"multiband antennas","Manufacturing & Devices, Communications, Defense"
"phased arrays","Communications, Defense, Transportation"
"antenna packaging","Retail, Manufacturing & Devices, Defense"
"electromagnetic imaging","Retail, Defense, Healthcare"
"wearable computing","Entertainment, Healthcare, Computing & IT"
"weather prediction","Defense, Agriculture, Environment"
"photovoltaics","Defense, Energy, Environment"
"wear","Defense, Energy, Agriculture"
"modeling","Communications, Energy, Environment"
"Situational Awareness","Defense, Critical Infrastructure, Computing & IT"
"Communications","Communications, Defense, Energy"
"Integrated Circuits","Manufacturing & Devices, Entertainment, Agriculture"
"structural health monitoring","Transportation, Healthcare, Critical Infrastructure"
"Sensor Networks","Communications, Defense, Computing & IT"
"radio","Communications, Entertainment, Education"
"Biometrics","Defense, Healthcare, Computing & IT"
"Distributed Power","Defense, Healthcare, Environment"
"optical sensors","Energy, Agriculture, Environment"
"remote sensing","Critical Infrastructure, Healthcare, Environment"
"hazard analysis","Retail, Defense, Healthcare"
"Shipborne Radar","Communications, Transportation, Defense"
"electromagnetic packaging","Retail, Manufacturing & Devices, Communications"
"scheduled maintenance","Manufacturing & Devices, Defense, Energy"
"drive systems","Manufacturing & Devices, Defense, Agriculture"
"acceptance testing","Manufacturing & Devices, Defense, Energy"
"HCI","Entertainment, Education, Computing & IT"
"lasers","Manufacturing & Devices, Defense, Healthcare"
"immunity","Communications, Entertainment, Transportation"
"communication","Critical Infrastructure, Education, Computing & IT"
"Biodielectrics","Agriculture, Healthcare, Environment"
"sensor devices","Energy, Agriculture, Computing & IT"
"reliability modeling","Computing & IT, Defense"
"protection","Energy, Critical Infrastructure"
"safety","Transportation, Energy"
"upgradeability","Defense, Communications"
"algorithm","Energy, Computing & IT"
"web design","Education, Computing & IT"
"Handheld Television","Entertainment, Communications"
"GPS","Transportation, Defense"
"electromagnetic interference","Retail, Communications"
"interoperability","Critical Infrastructure, Communications"
"user education","Computing & IT, Education"
"solid state lighting","Transportation, Environment"
"system integration","Defense, Communications"
"hybrid vehicles","Transportation, Environment"
"portable devices","Defense, Communications"
"supportability","Defense, Transportation"
"network management","Communications, Education"
"inverters","Energy, Transportation"
"Service Management","Computing & IT, Communications"
"Electronic Packaging","Energy, Entertainment"
"embedded power","Computing & IT, Defense"
"efficiency","Energy, Transportation"
"analysis","Energy, Environment"
"usability evaluation","Computing & IT, Entertainment"
"bioremediation","Healthcare, Environment"
"fuel_cells","Energy, Transportation"
"signal processing","Communications, Healthcare"
"distributed monitoring systems","Transportation, Healthcare"
"Networking","Communications, Computing & IT"
"devices","Energy, Manufacturing & Devices"
"safety critical","Energy, Critical Infrastructure"
"sensing and instrumentation","Computing & IT, Manufacturing & Devices"
"training and continuing education","Energy, Defense"
"AI","Entertainment, Education"
"Electronics packaging","Energy, Computing & IT"
"forensics","Energy, Communications"
"performance","Energy, Communications"
"synthetic aperture radar","Defense, Transportation"
"compatibility","Computing & IT, Energy"
"Electric Ship","Transportation, Defense"
"high resolution imaging","Defense, Healthcare"
"Screening","Defense, Healthcare"
"Target Avoidance Radar","Transportation, Defense"
"fault tolerance","Energy, Defense"
"detection systems","Transportation, Critical Infrastructure"
"distributed networking","Transportation, Communications"
"Handheld Radar","Transportation, Defense"
"measurement uncertainty","Computing & IT, Agriculture"
"Lightning","Defense, Critical Infrastructure"
"image processing","Computing & IT, Entertainment"
"quality","Energy, Manufacturing & Devices"
"Coding and marketing technology (optical & RFID)","Retail, Communications"
"Nano Sensors","Computing & IT, Defense"
"built-in test","Energy, Defense"
"simplified language","Computing & IT, Manufacturing & Devices"
"UWB","Defense, Critical Infrastructure"
"Satellite TV","Entertainment, Communications"
"performance evaluation","Computing & IT, Communications"
"mobile sensor networks","Transportation, Communications"
"testing","Communications, Energy"
"failure mode & effects baseline","Transportation, Manufacturing & Devices"
"microwave imaging","Defense, Healthcare"
"infrastructure","Energy, Transportation"
"logistics","Transportation, Energy"
"biological impact","Healthcare, Environment"
"satellite","Communications, Defense"
"sustainability","Critical Infrastructure, Environment"
"electronic packaging","Energy, Healthcare"
"human factors","Computing & IT, Defense"
"intelligent systems","Communications, Healthcare"
"Certification","Computing & IT, Education"
"terahertz imaging","Defense, Healthcare"
"fatigue","Agriculture, Defense"
"standards","Energy, Healthcare"
"SGEMP","Defense, Critical Infrastructure"
"communication tools","Computing & IT, Defense"
"mems","Energy, Healthcare"
"yield","Agriculture, Manufacturing & Devices"
"field failures","Transportation, Manufacturing & Devices"
"Design productivity","Computing & IT, Agriculture"
"circuit","Energy, Manufacturing & Devices"
"prognostics","Defense, Transportation"
"Environmental Acoustics","Energy, Defense"
"Mobile Television","Entertainment, Communications"
"Multimedia","Computing & IT, Entertainment"
"LEMP","Defense, Critical Infrastructure"
"data mining","Healthcare, Environment"
"new media","Computing & IT, Education"
"measuring performance","Computing & IT, Manufacturing & Devices"
"bridge monitoring","Transportation, Critical Infrastructure"
"PLCs","Energy, Manufacturing & Devices"
"diagnostic tools","Manufacturing & Devices, Healthcare"
"Content Delivery","Computing & IT, Entertainment"
"integrated circuits","Computing & IT, Entertainment"
"Hardware design","Computing & IT, Agriculture"
"integrated systems","Defense, Entertainment"
"sensing and vehicle communications","Transportation, Critical Infrastructure"
"knowledge management","Computing & IT, Education"
"transportation","Energy, Critical Infrastructure"
"standardization","Energy, Manufacturing & Devices"
"technical communication","Computing & IT, Education"
"Systems engineering","Computing & IT, Communications"
"design specificaton","Computing & IT, Communications"
"Airborne Radar","Transportation, Defense"
"nanotechnology","Communications, Healthcare"
"beamforming","Computing & IT, Defense"
"Ground Fixed Radar","Communications, Defense"
"Consumer","Entertainment, Financial Services"
"Command Control Communication Intelligence","Computing & IT, Defense"
"All Weather Operation","Defense, Agriculture"
"automation","Energy, Manufacturing & Devices"
"failures","Energy, Transportation"
"hazard severity","Energy, Defense"
"content management","Computing & IT, Education"
"user support","Computing & IT, Education"
"product safety","Retail, Communications"
"severity of consequences","Energy, Defense"
"susceptibility","Defense, Transportation"
"Software Engineering","Communications, Computing & IT"
"data visualization","Computing & IT, Critical Infrastructure"
"measurement theory","Computing & IT, Agriculture"
"Social computing","Computing & IT, Entertainment"
"usability testing","Computing & IT, Education"
"Maintainability","Energy, Agriculture"
"Strategy","Manufacturing & Devices, Agriculture"
"hazard anlysis","Energy, Manufacturing & Devices"
"HPM","Defense, Critical Infrastructure"
"power aware design","Energy, Healthcare"
"test","Energy, Agriculture"
"localization","Computing & IT, Manufacturing & Devices"
"error correction codes","Computing & IT, Communications"
"product and functional safety","Energy, Entertainment"
"fail-safe systems","Transportation, Critical Infrastructure"
"Internet","Communications, Education"
"millimeter wave imaging","Defense, Healthcare"
"high performance design","Defense, Entertainment"
"Space Radar","Transportation, Defense"
"spread spectrum","Computing & IT, Communications"
"condition based maintenance","Manufacturing & Devices, Transportation"
"HEDP","Defense"
"Mobile Computing","Computing & IT"
"atmospheric sensing","Agriculture"
"Intelligent systems","Education"
"DC","Energy"
"Space Radiation","Defense"
"Local Area Networks","Computing & IT"
"parasites","Healthcare"
"battery management","Transportation"
"Anticipating the Enemy","Defense"
"Self-Aware Systems","Entertainment"
"defining purpose","Manufacturing & Devices"
"Sonar","Defense"
"broadband","Communications"
"WHN","Communications"
"Lasers","Transportation"
"self aware systems","Critical Infrastructure"
"Design Automation","Computing & IT"
"shipping","Transportation"
"Precision time transfer to challenged platforms","Communications"
"CT","Healthcare"
"longer lifetime implants","Healthcare"
"Trading","Financial Services"
"solar","Energy"
"lead-acid","Energy"
"Web services","Computing & IT"
"Ladar","Defense"
"Autonomous self-aware machines","Computing & IT"
"gaining commitment","Manufacturing & Devices"
"optical","Communications"
"battery-ultracapacitor combination","Manufacturing & Devices"
"Personal Security","Retail"
"submarine","Energy"
"Susceptibility","Critical Infrastructure"
"Worm","Defense"
"animation","Entertainment"
"transmitters and receivers","Communications"
"interoperable communications","Critical Infrastructure"
"E-Commerce","Computing & IT"
"Design specification","Communications"
"seismic","Energy"
"black_out","Energy"
"Black Body Sources","Defense"
"disk laser","Manufacturing & Devices"
"induction","Energy"
"Multicultural","Education"
"consumer products","Manufacturing & Devices"
"deterioration","Defense"
"authoring tools","Computing & IT"
"Liquid Dielectrics","Energy"
"Tampering","Retail"
"ink-jet printing","Manufacturing & Devices"
"Laser TV","Entertainment"
"entity","Computing & IT"
"liability","Manufacturing & Devices"
"object-oriented programming","Computing & IT"
"Motes","Communications"
"condition_assessment","Energy"
"EM Shielding","Critical Infrastructure"
"pricing","Energy"
"face recognition","Computing & IT"
"speech privacy","Communications"
"aging workforce","Energy"
"Emission","Defense"
"active parallel energy storage","Manufacturing & Devices"
"system and equipment health management","Manufacturing & Devices"
"emergency preparedness","Critical Infrastructure"
"traceability","Healthcare"
"Arcing","Critical Infrastructure"
"Environmental Assessment","Computing & IT"
"SCADA","Manufacturing & Devices"
"4G","Communications"
"Mission Planning","Defense"
"renewable","Energy"
"fault recovery","Defense"
"Digital TV","Entertainment"
"discrete and continuus manufacturing sectors","Manufacturing & Devices"
"derating factors","Defense"
"range finding","Defense"
"volume","Manufacturing & Devices"
"HEMP","Critical Infrastructure"
"Nanoelectronics for computing","Computing & IT"
"single particle radiation effects","Defense"
"Safety","Defense"
"duplication","Computing & IT"
"communication networks for manufacturing plants","Manufacturing & Devices"
"Internet computing","Computing & IT"
"design of experiments (DOE)","Defense"
"C3I","Defense"
"energy","Critical Infrastructure"
"Operating systems","Computing & IT"
"operational oceanography","Defense"
"cloud computing","Computing & IT"
"coal burning","Environment"
"large scale systems","Manufacturing & Devices"
"Radars","Critical Infrastructure"
"floating point","Communications"
"Electronic Burnout","Defense"
"text analysis","Computing & IT"
"response systems","Critical Infrastructure"
"productivity","Manufacturing & Devices"
"miniaturized antennas","Energy"
"assessment","Healthcare"
"Machine Translation","Computing & IT"
"Distributed systems","Computing & IT"
"wearable power","Healthcare"
"domain engineering","Computing & IT"
"airborne observation","Environment"
"Neural Systems","Healthcare"
"relay","Energy"
"Music on Demand","Entertainment"
"cybernetics","Computing & IT"
"control_systems","Energy"
"biodiesel conversion","Energy"
"Service Systems","Critical Infrastructure"
"Electrical Insulating Systems","Healthcare"
"Optical/Fibre communications","Critical Infrastructure"
"emergency response","Healthcare"
"neural control","Transportation"
"frequency","Energy"
"Human Machine interfaces","Communications"
"discrete-event and sequence control","Manufacturing & Devices"
"air","Healthcare"
"gas detection","Environment"
"interface design","Computing & IT"
"nanofabrication technologies","Manufacturing & Devices"
"homeland security","Critical Infrastructure"
"Computer Weapons","Defense"
"Programming languages","Computing & IT"
"LADAR","Transportation"
"EM Assessments","Critical Infrastructure"
"MRI","Healthcare"
"Acoustic Communications","Defense"
"Databases","Computing & IT"
"healthcare systems effects","Healthcare"
"software patterns","Computing & IT"
"LED lighting","Retail"
"shielding","Energy"
"planning","Energy"
"power semiconductors","Manufacturing & Devices"
"delivery","Transportation"
"electric power steering","Transportation"
"floorplanning","Defense"
"archiving junk","Computing & IT"
"environmental protection","Transportation"
"autonomic systems","Communications"
"Trojan Horse","Defense"
"3D TV","Entertainment"
"terrorism","Critical Infrastructure"
"GAVs","Defense"
"data","Energy"
"fuel injectors","Transportation"
"pandemic prevention","Environment"
"artificial limbs","Healthcare"
"self education","Education"
"Embedded Computing","Computing & IT"
"Pre-university","Education"
"Computer architecture","Computing & IT"
"EM Protection","Critical Infrastructure"
"Computational science (physics/chemistry)","Computing & IT"
"measurements","Communications"
"natural disaster","Environment"
"Electromagnetic Environmental Effects","Defense"
"enterprise optimatization","Manufacturing & Devices"
"biomems","Healthcare"
"Student evaluation","Education"
"Digital libraries","Computing & IT"
"Arms safing","Defense"
"EM Mitigation","Critical Infrastructure"
"K-line radiation","Defense"
"Tunable/reconfigurable electronics","Defense"
"Enterprise Management","Communications"
"biohazards","Environment"
"Military Computing","Defense"
"reliable communications","Critical Infrastructure"
"Artificial intelligence","Computing & IT"
"on-condition maintenance","Defense"
"Autonomous Action","Defense"
"therapeutic ultrasound","Healthcare"
"c3i","Critical Infrastructure"
"distribution","Energy"
"cosmic events","Environment"
"Gaming","Entertainment"
"xbt","Environment"
"fiber to the premises","Communications"
"visualization","Computing & IT"
"towed arrays","Defense"
"professional development","Education"
"unmanned aerial vehicles","Defense"
"electromagnetics","Education"
"logic upset","Defense"
"frequency disputes","Communications"
"reliability prediction analysis","Defense"
"CONOPS","Defense"
"Dependable computing","Computing & IT"
"IP Network","Education"
"affordability","Healthcare"
"HERO","Defense"
"active vibration control","Defense"
"adaptive vehicle systems","Transportation"
"LEDs","Transportation"
"market","Energy"
"optimal transport","Energy"
"Anti-Jam","Communications"
"traction drive","Transportation"
"System approach","Critical Infrastructure"
"Immersive Games","Entertainment"
"climate change","Environment"
"sociological mobility aware networks","Communications"
"microfluidics","Healthcare"
"phase out","Manufacturing & Devices"
"medical microwaves","Healthcare"
"viruses","Healthcare"
"fairness","Communications"
"datacomms","Computing & IT"
"smart cars","Transportation"
"spectrum agile radio","Communications"
"information theory","Computing & IT"
"micromachines","Healthcare"
"Knowledge Management","Computing & IT"
"Markets","Financial Services"
"climate","Environment"
"ultra wideband","Communications"
"Multicore systems","Computing & IT"
"throughput or production rate","Manufacturing & Devices"
"Hardening","Critical Infrastructure"
"non-destructive evaluation","Critical Infrastructure"
"failure reporting","Manufacturing & Devices"
"GML","Computing & IT"
"ramp control","Transportation"
"Public","Healthcare"
"Nuclear Weapons","Critical Infrastructure"
"artificial intelligence","Healthcare"
"resource prioritization","Critical Infrastructure"
"class D amplifiers","Entertainment"
"asset","Energy"
"Video on Demand","Entertainment"
"counterfeiting","Retail"
"information design","Computing & IT"
"forecasting","Energy"
"congestion management","Transportation"
"High Energy Density Physics","Defense"
"Delivery Modes","Entertainment"
"management","Energy"
"components","Energy"
"Haptics","Computing & IT"
"drug design","Healthcare"
"class diagram","Computing & IT"
"dynamic","Energy"
"secure wireless transactions","Financial Services"
"energy aware design","Environment"
"lightning","Energy"
"evidence based medicine","Healthcare"
"fiber wireless integration","Communications"
"current","Energy"
"grid-interactive hybrids","Transportation"
"bottom types","Environment"
"electrical overstress","Energy"
"Optical Switching","Communications"
"molecular engines","Healthcare"
"computational","Energy"
"construction","Energy"
"Large scale problems","Computing & IT"
"alternate propulsion","Transportation"
"linear","Energy"
"Electronic Medical Records","Healthcare"
"nourishment","Critical Infrastructure"
"HERP","Defense"
"Management Capability","Manufacturing & Devices"
"low cost diagnostics","Healthcare"
"tools","Energy"
"pattern recognition","Computing & IT"
"Intra-System Compatibility","Defense"
"electric","Energy"
"Radiation","Defense"
"ultrasonic communication","Communications"
"lifetime improvement","Manufacturing & Devices"
"carbon_free","Energy"
"Accreditation","Education"
"Speech and Audio Processing","Computing & IT"
"Integrated Weapons & Communications","Defense"
"Biomedical Signals","Healthcare"
"connector","Energy"
"documentation standards","Computing & IT"
"Semantic Web","Computing & IT"
"satellite communications","Defense"
"E-learning","Computing & IT"
"human-robot interaction","Healthcare"
"Wireless Access","Communications"
"service protection","Communications"
"green manufacturing","Environment"
"electronic","Energy"
"radio over fiber","Communications"
"low power devices","Defense"
"product security","Retail"
"Nuclear","Defense"
"imprinting cables","Manufacturing & Devices"
"Learning Technology","Computing & IT"
"rural power","Agriculture"
"Computer networking","Computing & IT"
"system","Computing & IT"
"RF Weapons","Critical Infrastructure"
"dataflow","Computing & IT"
"Z-Pinch","Defense"
"implantable devices","Healthcare"
"body as a network","Healthcare"
"medical devices","Healthcare"
"hybrid","Transportation"
"fossil","Energy"
"Offensive Weaponry","Defense"
"software engineering curricula","Education"
"Storage Systems","Computing & IT"
"wireless spectrum","Environment"
"IEMI","Critical Infrastructure"
"animal tracking","Environment"
"surveillance","Computing & IT"
"IEMI Detectors","Critical Infrastructure"
"Prognostics and Health Management (PHM)","Defense"
"nanosensors","Environment"
"Machine Learning","Computing & IT"
"High-level Testing","Critical Infrastructure"
"QoE","Communications"
"wireless networking","Entertainment"
"software process","Computing & IT"
"evolutionary design","Transportation"
"system-of-systems","Healthcare"
"high cycling","Manufacturing & Devices"
"waveform diversity","Communications"
"Information Forensics","Defense"
"Lidar","Defense"
"energy flow simulation","Energy"
"software architecture","Computing & IT"
"Decision making","Critical Infrastructure"
"embedded intelligence","Manufacturing & Devices"
"Collaboration Technologies","Computing & IT"
"financial resources","Manufacturing & Devices"
"Sustainment of Life","Critical Infrastructure"
"Sustainment of Commerce","Critical Infrastructure"
"telemedicine","Healthcare"
"operation","Energy"
"contamination control","Manufacturing & Devices"
"gas","Energy"
"Femtocells","Communications"
"smart_grid","Energy"
"controls","Energy"
"Dealing with real world","Education"
"platforms","Communications"
"Positron Emission Tomography","Healthcare"
"volcanos","Environment"
"interconnect devices","Computing & IT"
"motor","Energy"
"avatars","Entertainment"
"user centered design","Computing & IT"
"Electromagnetic Survivability","Defense"
"physics of failure","Defense"
"VDSL","Communications"
"document image analysis","Computing & IT"
"management functions","Manufacturing & Devices"
"Survivability","Defense"
"EPON","Communications"
"noise pollution","Environment"
"commercial","Energy"
"Electronic Protect","Communications"
"XML","Computing & IT"
"control and optimization algorithm","Manufacturing & Devices"
"System Prognostics and Health Managment (SPHM)","Defense"
"human-machine interface","Healthcare"
"displays","Manufacturing & Devices"
"burst illumination","Defense"
"Fault-tolerant computing","Computing & IT"
"Meta search","Computing & IT"
"Mesoband","Critical Infrastructure"
"electronic publishing","Computing & IT"
"interception","Communications"
"EMV","Defense"
"Super computing","Computing & IT"
"ATC Radar","Defense"
"Speech","Entertainment"
"FMECA","Energy"
"scintillators","Energy"
"student outreach","Education"
"visual analytics","Computing & IT"
"Data mining","Computing & IT"
"E3","Defense"
"Banking","Financial Services"
"Platforms","Defense"
"portable power","Healthcare"
"fault isolation","Defense"
"methods","Energy"
"EM Terrorism","Critical Infrastructure"
"software requirements","Communications"
"unscheduled maintenance","Defense"
"plasma displays","Entertainment"
"rov","Defense"
"graphics recognition","Computing & IT"
"supply-side","Energy"
"metrics","Communications"
"healthcare mgmt","Healthcare"
"UML","Computing & IT"
"low dose radiation effects","Defense"
"rural healthcare","Healthcare"
"Mentoring","Education"
"generation","Energy"
"computing curricula","Education"
"Portable Applications","Computing & IT"
"single sourcing","Computing & IT"
"failure rate","Defense"
"applications","Energy"
"QoS","Communications"
"rehabilitation engineering","Healthcare"
"harmonics","Energy"
"wireless television","Communications"
"object-oriented design","Computing & IT"
"EM Weapons","Critical Infrastructure"
"Mortgage","Financial Services"
"Ultrawideband","Defense"
"infrared imaging","Defense"
"language for special purposes","Computing & IT"
"high dose-rate radiation effects","Defense"
"adhoc wireless networks","Entertainment"
"energy savings","Energy"
"DSP","Communications"
"IMS","Communications"
"Logistics","Retail"
"tutoring","Education"
"connexions","Education"
"Transactions processing","Computing & IT"
"workshops","Education"
"Autonomous","Defense"
"noise cancelling","Communications"
"instrumentation and test","Healthcare"
"pollution mitigation","Environment"
"first responders","Critical Infrastructure"
"TREE","Defense"
"data security","Healthcare"
"Image","Entertainment"
"multifunction antennas","Communications"
"Computational Intelligence","Computing & IT"
"smart highways","Transportation"
"drug delivery","Healthcare"
"customer expectations","Manufacturing & Devices"
"user analysis","Computing & IT"
"Comprehensive approach","Education"
"Safety Critical","Defense"
"education","Energy"
"FMEA","Energy"
"LTE","Communications"
"adaptive distribution","Energy"
"relaible power","Retail"
"Definition","Critical Infrastructure"
"Electromagnetic Environmental Effects (EME)","Defense"
"Data centers","Computing & IT"
"business process","Computing & IT"
"Data Mining","Retail"
"laser welding","Manufacturing & Devices"
"Computer vision","Computing & IT"
"charge balancing","Transportation"
"bubble clouds","Environment"
"design specificaiotn","Manufacturing & Devices"
"stability","Energy"
"Electromagnetic Pulse","Defense"
"LIDAR","Transportation"
"DNA sequencing","Healthcare"
"Ethics","Education"
"low voltage","Computing & IT"
"Artificial Intelligence","Defense"
"positioning for instrumentation","Manufacturing & Devices"
"Critical Infrastructure","Critical Infrastructure"
"digital libraries","Education"
"Acoustics","Defense"
"SREMP","Critical Infrastructure"
"data privacy","Healthcare"
"bioclinical monitoring","Healthcare"
"Gaseous Dielectrics","Energy"
"residential","Energy"
"metering","Energy"
"wind","Energy"
"mobile power","Transportation"
"lead-free piezoelectrics","Environment"
"policy","Energy"
"returns","Manufacturing & Devices"
"utility computing","Computing & IT"
"fault detection","Defense"
"Education","Computing & IT"
"health toys","Healthcare"
"model-based reasoning","Defense"
"Integration","Critical Infrastructure"
"Information Retrieval","Computing & IT"
"AUV's","Defense"
"Lightweight Aircraft","Defense"
"Smart Weapons","Defense"
"Gigabit Wireless Networks","Communications"
"computer bus","Communications"
"entity relationship attribute diagram","Computing & IT"
"traffic control","Transportation"
"3D integration","Manufacturing & Devices"
"DTV Transition","Entertainment"
"end_to_end QoS","Communications"
"DCSs","Manufacturing & Devices"
"Cable TV","Entertainment"
"HERF","Defense"
"industrial","Energy"
"noise anlysis","Critical Infrastructure"
"Intra-system compatibility","Communications"
"spectral management","Communications"
"pharmaceuticals","Healthcare"
"grid","Energy"
"FRACAS","Manufacturing & Devices"
"network neutrality","Communications"
"DITA","Computing & IT"
"Systems Engineering","Computing & IT"
"petrochem","Manufacturing & Devices"
"continuous process control","Manufacturing & Devices"
"line","Energy"
"energy throughput","Manufacturing & Devices"
"water","Healthcare"
"supply chain integration","Manufacturing & Devices"
"Purpose","Critical Infrastructure"
"culture","Manufacturing & Devices"
"indoor home network","Communications"
"informatics","Healthcare"
"integrated passive components","Manufacturing & Devices"
"social and ethical issues","Healthcare"
"systems analysis","Computing & IT"
"power generation","Environment"
"Photodetectors","Energy"
"location based service","Communications"
"pollution control","Environment"
"refining","Manufacturing & Devices"
"hardware in the loop","Energy"
"environmental","Energy"
"Microprocessor","Computing & IT"
"interleving","Computing & IT"
"bioengineering","Healthcare"
"disaster planning","Environment"
"Wi-Fi","Communications"
"passive parallel energy storage","Manufacturing & Devices"
"electronics reliability in the body","Healthcare"
"bandwidth maximization","Communications"
"harvesting","Energy"
"plant engineering","Manufacturing & Devices"
"Audio","Entertainment"
"Combat Casualty Care","Defense"
"CMOS","Computing & IT"
"higher functionality implants","Healthcare"
"802 Standards","Computing & IT"
"class","Computing & IT"
"optimal traffic control","Transportation"
"Development Cost","Entertainment"
"fault accommodation","Defense"
"machine intelligence","Computing & IT"
"OCR","Computing & IT"
"recyclable materials","Environment"
"electro-mechanical","Energy"
"access","Healthcare"
"vehicle and cargo locations","Transportation"
"personal safety","Communications"
"emerging media","Computing & IT"
"wireless","Communications"
"wave propagation","Environment"
"Parallel systems","Computing & IT"
"rescue systems","Critical Infrastructure"
"Network interfaces","Computing & IT"
"voltage","Energy"
"Hardened Facilities","Defense"
"confidentiality","Communications"
"Digital Home","Entertainment"
"Planning","Retail"
"speech applications","Communications"
"lighting control","Energy"
"CRM","Retail"
"Wire Arrays","Defense"
"high voltage","Computing & IT"
"fiber-wireless","Communications"
"limited life items","Transportation"
"optical grid","Computing & IT"
"diagnosis","Healthcare"
"capital hedge risk","Energy"
"ultracapacitors","Transportation"
"MIMO","Communications"
"countermeasures","Defense"
"Infrastructure","Defense"
"ITS","Transportation"
"Secondary","Education"
"Human Resources","Defense"
"US vs world","Healthcare"
"business perspective","Manufacturing & Devices"
"underwater cables","Defense"
"scheduling","Transportation"
"Wide Area reliability","Environment"
"Pattern reconfiguration","Computing & IT"
"Rehabilitation Medicine","Healthcare"
"ladar/lidar","Transportation"
"intelligent infrastructure","Energy"
"baseband","Communications"
"optimal ramp control","Transportation"
"simulation","Environment"
"spectrum control","Defense"
"HPEM","Critical Infrastructure"
"SDK","Communications"
"alternate fuel","Transportation"
"analytics","Critical Infrastructure"
"power saving","Communications"
"Credit","Financial Services"
"cable","Energy"
"food","Healthcare"
"hydrodynamic","Energy"
"Cybersecurity","Defense"
"rapid response","Critical Infrastructure"
"home networking","Communications"
"energy recuperator","Manufacturing & Devices"
"conformance","Communications"
"commissioning","Energy"
"health management","Defense"
"Nano Technology","Defense"
"computer assisted medical decision making","Healthcare"
"self aware health systems","Healthcare"
"GPON","Communications"
"OFDM","Communications"
"point of care diagnostics","Healthcare"
"RF compatibility","Communications"
"EMI Control","Defense"
"wiring","Energy"
"pandemics","Healthcare"
"Underwater acoustics","Defense"
"Collocation","Defense"
"conservation","Energy"
"energy-aware design","Energy"
"Life Long Learning","Education"
"piezoelectric","Energy"
"agency cooperation","Healthcare"
"reconfigurable hardware","Computing & IT"
"conductors","Energy"
"safe wkshp","Critical Infrastructure"
"Flight Safety","Defense"
"space radiation effects","Defense"
"inventory control","Retail"
"Computational Biology","Computing & IT"
"biotechnology","Healthcare"
"Digital Books","Entertainment"
"Casual Games","Entertainment"
"EM Simulators","Critical Infrastructure"
"root cause","Computing & IT"
"corrosion","Transportation"
"WIMAX","Communications"
"collision avoidance","Transportation"
"condition-based maintenance","Defense"
"demand","Energy"
"Network Management","Communications"
"ecoinformatics","Environment"
"state machine","Computing & IT"
"automotive","Communications"
"mechanical stress analysis","Transportation"
"Expense","Entertainment"
"Information Technolocy","Computing & IT"
"design tools","Computing & IT"
"Electromagntic Interference and Compatibility","Defense"
"switching amplifiers","Entertainment"
"electronic information","Computing & IT"
"validation","Communications"
"Coding","Communications"
"Virus","Defense"
"Quantum computing","Computing & IT"
"power quality","Energy"
"shelter","Critical Infrastructure"
"IPTV","Communications"
"Presentation","Education"
"wearable radios","Healthcare"
"Process automation systems","Manufacturing & Devices"
"antenna packaging interaction","Communications"
"high energy density capacitors","Transportation"
"integration","Communications"
"dielectrics","Energy"
"VLSI","Computing & IT"
"surges","Energy"
"Sonobuoys","Defense"
"high throughput screening","Healthcare"
"emergency traffic administration","Transportation"
"economics","Energy"
"memory","Computing & IT"
"innovation. entrepreneurship","Manufacturing & Devices"
"Information Security","Defense"
"management recovery","Communications"
"high-temperature semiconductors","Transportation"
"Management Training","Education"
"Internet Video","Entertainment"
"cyberattack","Environment"
"narrowband","Communications"
"Post-Secondary","Education"
"mission critical","Critical Infrastructure"
"storage","Energy"
"maintenance manhours per usage time","Defense"
"continuing","Education"
"interaction design","Computing & IT"
"building simulation","Energy"
"set_top_box","Communications"
"carbon assessment","Environment"
"Outdoor Insulation","Energy"
"process failure modes and effects analysis","Manufacturing & Devices"
"ctd","Environment"
"poles","Energy"
"Forecasting","Retail"
"dynamic voltage restorer","Manufacturing & Devices"
"environmental stress screening","Manufacturing & Devices"
"statistics","Environment"
"transcutaneous power","Healthcare"
"SPD","Critical Infrastructure"
"mining","Energy"
"RF Compatibility","Defense"
"Channel","Communications"
"data analysis","Critical Infrastructure"
"Life cycle","Manufacturing & Devices"
"Delivery Mechanisms","Defense"
"AC","Energy"
"patent","Communications"
"wave power","Energy"
"ultrasound imaging","Healthcare"
"information management","Computing & IT"
"satellite arrays","Communications"
"active suspensions","Transportation"
"switching","Energy"
"manufacturing standards","Manufacturing & Devices"
"manufacturing","Energy"
"on_chip","Energy"
"ADSL","Communications"
"optimized content","Education"
"Health information systems","Computing & IT"
"process","Manufacturing & Devices"
"inclusion","Healthcare"
"Computer Gaming","Computing & IT"
"system architecture for automation manufacturing","Manufacturing & Devices"
"Image processing","Computing & IT"
"pollutants","Healthcare"
"Moving Targets","Defense"
"space commercialization","Transportation"
"Fixed Targets","Defense"
"ECCM","Communications"
"semiconductor","Energy"
"compilers","Computing & IT"
"Hyperband","Critical Infrastructure"
"Natural Language Processing","Computing & IT"
"failure modes","Defense"
"electromechanical actuators","Transportation"
"open systems","Communications"
"wideband","Communications"
"remote learning","Education"
"financing","Healthcare"
"ultrawideband antennas","Communications"
"cycle time","Manufacturing & Devices"
"Computer graphics","Computing & IT"
"Military Vehicles","Defense"
"disaster prediction","Critical Infrastructure"
"ultracapacitor","Manufacturing & Devices"
"Power Quality","Defense"
"computed radiography","Healthcare"
"HIRF","Critical Infrastructure"
"one product","Manufacturing & Devices"
"Hands On","Education"
"defects","Manufacturing & Devices"
"reverberation","Environment"
"Synchronization","Communications"
"Environment-friendly computing","Computing & IT"
"state diagram","Computing & IT"
"insulation","Energy"
"capacity building","Critical Infrastructure"
"power grid fragility","Environment"
"threat recognition","Critical Infrastructure"
"low cost","Manufacturing & Devices"
"Electrohydrodynamics","Environment"
"emc","Energy"
"magnet","Energy"
"repair","Communications"
"Non-linear effects","Critical Infrastructure"
"voltage stabilization","Manufacturing & Devices"
"international technical communication","Computing & IT"
"materials","Energy"
"Bioinformatics","Computing & IT"
"pattern analysis","Computing & IT"
"Internet Radio","Entertainment"
"Data Engineering","Computing & IT"
"open source","Computing & IT"
"information forensics","Critical Infrastructure"
"multimedia over fiber","Communications"
"Podcasting","Entertainment"
"ESD","Critical Infrastructure"
"Electromagnetic Packaging","Defense"
"hydro","Energy"
"Nonlethal weapons","Defense"
"History","Computing & IT"
"collocation","Communications"
"bin packing","Transportation"
"upgradability","Manufacturing & Devices"
"solar cells","Manufacturing & Devices"
"data structures","Computing & IT"
"burst power","Manufacturing & Devices"
"power transmission","Environment"
"transients","Energy"
"Medical data processing","Computing & IT"
"magnetics","Manufacturing & Devices"
"thermal","Energy"
"biometrics","Computing & IT"
"electric vehicles","Transportation"
"regulatory approvals","Environment"
"bidirectional battery charging","Transportation"
"capacity_planning","Energy"
"Laser Radar","Defense"
"cutting","Manufacturing & Devices"
"demand projection","Transportation"
"On-the-job","Education"
"demand-side","Energy"
"Private","Healthcare"
"social networking","Education"
"system Prognostics and Health management (PHM)","Education"
"accelerated testing","Defense"
"implantable electromagnetic devices","Healthcare"
"firewire","Communications"
"Electronic Medical Records Standards","Healthcare"
"HSE","Energy"
"antenna demonstrations","Education"
"safety hazards","Computing & IT"
"autonomous vehicles","Transportation"
"Secure coding (counterfeiting avoidance)","Retail"
"ethernet","Communications"
"hazard","Agriculture"
"operator stations","Manufacturing & Devices"
"software design","Communications"
"powerline","Communications"
"Nuclear Survivability","Defense"
"Signal processing","Computing & IT"
"IEMP","Critical Infrastructure"
"interference","Communications"
"ultrasonic cleaning","Environment"
"gait analysis","Computing & IT"
"Vehicular Control","Defense"
"Game Technology","Computing & IT"
"mobile communication","Education"
"antenna miniaturization","Defense"
"Harbor Security","Critical Infrastructure"
"Tempest / Data Security","Defense"
"scalability","Energy"
"Information Assurance","Computing & IT"
"Simulation Interoperability","Computing & IT"
"automotive radar","Transportation"
"effcient displays","Environment"
"usability engineering","Computing & IT"
"stator","Energy"
"performance metrics","Computing & IT"
"Personal Health Records","Healthcare"
"resources","Energy"
"body power systems","Healthcare"
"data logging","Critical Infrastructure"
"diagnostics","Defense"
"self_organization","Communications"
"handheld devices","Communications"
"optimal wing design","Transportation"
"hydrogen storage","Energy"
"electromagnetic compatibility","Communications"
"Search","Computing & IT"
"pulp and paper","Manufacturing & Devices"
"Self-aware systems","Education"
"Defensive Weaponry","Defense"
"relaibility","Computing & IT"
"self-aware systems","Communications"
"EMC","Defense"
"service lifetime","Agriculture"
"Human-computer Interaction","Computing & IT"
"artificial organs","Healthcare"
"nano tech","Computing & IT"
"biological sciences","Environment"
"chemical","Energy"
"information development","Computing & IT"
"EMP","Critical Infrastructure"
"sanitation","Critical Infrastructure"
"Data Storage","Computing & IT"
"buck-boost buffer","Manufacturing & Devices"
"substations","Energy"
"Defense","Critical Infrastructure"
"Unified Modeling Language","Computing & IT"
"human resources needs","Manufacturing & Devices"
"prosthetics","Healthcare"
"robotics and robots","Manufacturing & Devices"
"photodynadic therapy","Healthcare"
"Mission Critical","Defense"
"speed of new technology","Healthcare"
"EMP Hardening","Critical Infrastructure"
"Spacecraft","Defense"
"Ultra High Definition TV","Entertainment"
"circuit optimization","Communications"
"personal networks","Healthcare"
"Emission Control (EMCON)","Defense"
"shapes checking","Manufacturing & Devices"
"chemicals","Manufacturing & Devices"
"nuclear radiation effects","Defense"
"wikis","Computing & IT"
"disaster response","Critical Infrastructure"
"collaborative technologies","Defense"
"retinal scanning","Healthcare"
"plug-in hybrids","Transportation"
"exploration","Energy"
"systems of systems","Computing & IT"
"Ground Mapping","Defense"
"vulnerabilities","Energy"
"Power-aware design","Communications"
"resilience","Critical Infrastructure"
"life limited items","Defense"
"human centered","Healthcare"
"training","Healthcare"
"efficient and effective search","Computing & IT"
"Security","Defense"
"accessibility","Computing & IT"
"Ymax","Communications"
"conformal antennas","Defense"
"photoacoustics","Healthcare"
"Test Technology","Computing & IT"
"Digital Radio","Entertainment"
"time to market","Manufacturing & Devices"
"regulation","Energy"
"3D design","Healthcare"
"software testing","Computing & IT"
"Complexity reduction and abstraction","Computing & IT"
"cylclic codes","Computing & IT"
"Intelligent Agents","Computing & IT"
"car-to-car","Communications"
"cryptography","Education"
"synchronization","Education"
"water pollution","Environment"
"Navigation","Defense"
"fuzzy control","Transportation"
"LCD dispalys","Entertainment"
"information services","Computing & IT"
"frequency hopping","Communications"
"automotive power systems","Transportation"
"PET","Healthcare"
"finance","Energy"
"machines","Energy"
"Delivery Cost","Entertainment"
"software life cycle","Computing & IT"
"Real-time applications","Computing & IT"
"cultural aspects of health","Healthcare"
"Intentional EMI","Defense"
"six sigma","Defense"
"video image processing","Computing & IT"
"fuel cell vehicles","Transportation"
"cognitive","Defense"
"superconductivity","Energy"
"digital cinema","Entertainment"
"generators","Energy"
"fiber laser","Manufacturing & Devices"
"conversion","Energy"
"alternative","Energy"
"Collaborative systems","Computing & IT"
"retinal prostheses","Healthcare"
"nuclear","Energy"
"Marine Electronics","Defense"
"installation","Energy"
"congestion","Energy"
"visual design","Computing & IT"
