"Type","ID","Name","Description","URL","Tags","Societies","Year","Standard Status","Technical Committees","Keywords"
"Standard",1,"Standard number 1","A good standard.","http://standard/",,"Communications",,"Standard",,
"Standard",2,"Standard number 2",,,,"Communications",,"Project",,
"Standard",3,"Standard number 3","A really great standard!

It's great.","http://standard/",,"Social Implications of Technology",,"Standard",,
"Standard",4,"Standard number 5",,,,"Communications",,"Project",,
"Standard",5,"Standard number 3",,"http://standard/",,"Reliability",,"Project",,
"Standard",6,"Standard number 4",,,,"Sensors Council",,"Standard",,
"Standard","STD-1234","Standard number 5",,,,"Photonics",,"Project",,
